"RESP_NO","REGION","Q1","Q6A","Q6B","Q6C","Q6D","Q6E","Q29B","Q37H","Q38A","Q38B","Q38F","Q84A","Q94","Q100","vio_97_21","night_2020mean","year"
"MLI0001",509,32,0,0,0,0,1,1,3,1,1,1,509,0,2,41,46.9902593332753,2017
"MLI0002",509,18,0,0,1,2,4,1,1,1,1,1,505,5,2,41,46.9902593332753,2017
"MLI0003",509,19,0,0,0,1,3,1,3,0,0,2,501,0,2,41,46.9902593332753,2017
"MLI0004",509,28,0,0,0,1,2,3,3,3,2,3,501,4,2,41,46.9902593332753,2017
"MLI0005",509,25,0,1,3,2,1,9,3,2,2,3,516,0,1,41,46.9902593332753,2017
"MLI0006",509,48,2,0,2,2,3,4,3,3,3,3,509,2,1,41,46.9902593332753,2017
"MLI0007",509,18,0,0,1,3,3,1,1,3,3,2,517,2,2,41,46.9902593332753,2017
"MLI0008",509,42,0,0,2,2,4,1,1,3,3,3,501,8,2,41,46.9902593332753,2017
"MLI0009",509,53,0,0,2,3,2,2,3,1,3,1,501,6,2,41,46.9902593332753,2017
"MLI0010",509,22,0,0,0,0,0,5,3,3,2,3,509,8,1,41,46.9902593332753,2017
"MLI0011",509,54,0,0,2,0,1,1,1,2,1,2,516,1,1,41,46.9902593332753,2017
"MLI0012",509,30,0,0,0,0,1,1,3,0,0,0,501,8,1,41,46.9902593332753,2017
"MLI0013",509,52,1,0,0,1,2,2,3,3,1,2,509,8,1,41,46.9902593332753,2017
"MLI0014",509,52,0,0,1,3,2,1,3,0,0,2,510,2,1,41,46.9902593332753,2017
"MLI0015",509,40,4,3,3,3,3,1,3,0,0,0,501,0,2,41,46.9902593332753,2017
"MLI0016",509,35,0,0,2,4,2,1,3,9,9,9,501,0,2,41,46.9902593332753,2017
"MLI0017",509,36,0,0,0,0,0,5,2,2,2,2,516,6,1,41,46.9902593332753,2017
"MLI0018",509,31,0,2,0,1,2,5,3,3,3,1,501,0,1,41,46.9902593332753,2017
"MLI0019",509,49,0,1,0,0,3,1,3,3,3,3,501,0,2,41,46.9902593332753,2017
"MLI0020",509,52,0,0,0,0,4,4,3,1,2,2,505,0,2,41,46.9902593332753,2017
"MLI0021",509,26,0,2,0,2,2,1,3,1,2,2,501,4,2,41,46.9902593332753,2017
"MLI0022",509,18,0,2,2,3,3,1,3,1,1,3,9995,0,2,41,46.9902593332753,2017
"MLI0023",509,22,0,0,0,0,0,1,3,3,3,3,516,0,2,41,46.9902593332753,2017
"MLI0024",509,44,0,0,0,0,0,2,3,3,2,2,513,8,1,41,46.9902593332753,2017
"MLI0025",509,60,0,0,0,0,1,2,0,2,2,2,9995,0,2,41,46.9902593332753,2017
"MLI0026",509,24,0,0,0,0,3,1,3,3,2,9,501,2,2,41,46.9902593332753,2017
"MLI0027",509,45,0,0,0,0,2,2,3,2,1,2,516,8,1,41,46.9902593332753,2017
"MLI0028",509,53,0,0,0,0,4,1,3,3,3,3,509,2,1,41,46.9902593332753,2017
"MLI0029",509,90,2,0,0,0,2,1,3,2,3,3,515,6,1,41,46.9902593332753,2017
"MLI0030",509,32,0,0,0,0,1,1,3,3,3,1,517,6,2,41,46.9902593332753,2017
"MLI0031",509,43,0,0,0,0,2,2,3,0,0,1,513,4,2,41,46.9902593332753,2017
"MLI0032",509,55,1,0,0,0,1,1,3,1,1,3,501,3,1,41,46.9902593332753,2017
"MLI0033",509,32,0,0,0,0,2,5,3,1,1,1,501,8,2,41,46.9902593332753,2017
"MLI0034",509,19,0,0,0,4,3,1,3,2,2,2,513,5,2,41,46.9902593332753,2017
"MLI0035",509,18,0,0,0,0,1,1,3,3,3,0,501,0,2,41,46.9902593332753,2017
"MLI0036",509,54,0,0,0,4,0,1,1,0,2,2,509,8,1,41,46.9902593332753,2017
"MLI0037",509,41,0,1,0,0,2,5,0,2,3,3,516,8,1,41,46.9902593332753,2017
"MLI0038",509,23,0,0,0,3,4,1,3,2,2,2,501,7,1,41,46.9902593332753,2017
"MLI0039",509,50,0,0,0,0,0,1,0,1,2,2,515,5,1,41,46.9902593332753,2017
"MLI0040",509,49,0,2,0,0,2,5,3,1,3,3,501,3,2,41,46.9902593332753,2017
"MLI0041",509,78,3,3,3,0,4,4,3,1,1,1,501,0,2,41,46.9902593332753,2017
"MLI0042",509,18,0,0,1,0,2,2,3,2,2,3,516,4,1,41,46.9902593332753,2017
"MLI0043",509,18,0,0,0,0,3,4,1,0,1,1,501,5,2,41,46.9902593332753,2017
"MLI0044",509,45,1,0,2,1,2,1,2,3,3,3,517,0,1,41,46.9902593332753,2017
"MLI0045",509,60,0,0,0,0,2,2,3,9,1,2,513,2,2,41,46.9902593332753,2017
"MLI0046",509,19,0,0,0,0,1,1,3,1,1,1,513,4,1,41,46.9902593332753,2017
"MLI0047",509,30,0,0,2,1,4,1,0,2,3,3,515,3,1,41,46.9902593332753,2017
"MLI0048",509,26,0,2,0,2,3,1,3,3,3,3,513,1,1,41,46.9902593332753,2017
"MLI0049",509,50,0,0,2,0,0,1,3,1,1,1,517,8,1,41,46.9902593332753,2017
"MLI0050",509,18,0,0,0,0,2,1,3,1,1,1,509,2,2,41,46.9902593332753,2017
"MLI0051",509,25,0,2,0,0,0,1,3,2,1,1,516,4,1,41,46.9902593332753,2017
"MLI0052",509,29,0,0,0,2,4,1,1,2,1,2,501,5,1,41,46.9902593332753,2017
"MLI0053",509,29,0,0,0,0,2,2,3,1,1,1,501,6,2,41,46.9902593332753,2017
"MLI0054",509,37,0,0,0,1,2,1,3,1,1,2,503,3,2,41,46.9902593332753,2017
"MLI0055",509,30,0,0,0,0,2,2,3,2,1,3,501,8,2,41,46.9902593332753,2017
"MLI0056",509,19,0,0,0,1,2,1,1,2,2,2,516,7,2,41,46.9902593332753,2017
"MLI0057",509,45,0,0,0,0,3,8,9,2,2,2,513,0,2,41,46.9902593332753,2017
"MLI0058",509,21,0,0,0,0,0,5,3,2,1,1,501,2,2,41,46.9902593332753,2017
"MLI0059",509,25,2,4,3,2,2,1,1,3,3,2,517,4,2,41,46.9902593332753,2017
"MLI0060",509,38,0,1,0,0,3,1,0,2,2,3,513,8,1,41,46.9902593332753,2017
"MLI0061",509,21,0,0,0,1,2,5,1,2,1,1,516,1,2,41,46.9902593332753,2017
"MLI0062",509,40,1,2,0,2,3,1,1,2,2,3,501,1,1,41,46.9902593332753,2017
"MLI0063",509,42,0,3,0,3,0,5,3,3,3,3,515,2,1,41,46.9902593332753,2017
"MLI0064",509,25,0,0,0,0,2,1,3,2,2,2,516,5,1,41,46.9902593332753,2017
"MLI0065",509,54,0,0,0,0,3,1,2,3,3,3,508,8,1,41,46.9902593332753,2017
"MLI0066",509,64,0,0,0,0,2,4,3,1,1,1,517,9,1,41,46.9902593332753,2017
"MLI0067",509,20,2,4,2,3,3,4,3,1,2,1,501,4,2,41,46.9902593332753,2017
"MLI0068",509,35,2,0,2,3,4,1,3,2,3,3,516,2,2,41,46.9902593332753,2017
"MLI0069",509,20,0,0,0,0,0,4,1,3,1,3,517,4,2,41,46.9902593332753,2017
"MLI0070",509,54,0,2,4,2,4,2,1,3,3,3,510,0,2,41,46.9902593332753,2017
"MLI0071",509,65,0,0,0,0,1,1,3,1,1,2,501,8,1,41,46.9902593332753,2017
"MLI0072",509,48,0,0,0,2,2,1,3,0,1,3,511,2,2,41,46.9902593332753,2017
"MLI0073",509,28,0,1,0,0,0,4,1,2,1,2,501,0,2,41,46.9902593332753,2017
"MLI0074",509,54,0,0,0,0,1,1,1,3,3,3,513,6,2,41,46.9902593332753,2017
"MLI0075",509,30,0,2,0,0,4,1,3,2,3,3,517,0,1,41,46.9902593332753,2017
"MLI0076",509,19,0,0,0,0,2,5,3,1,1,2,501,4,1,41,46.9902593332753,2017
"MLI0077",509,25,0,0,0,0,2,1,3,1,1,1,517,7,1,41,46.9902593332753,2017
"MLI0078",509,85,1,1,2,2,1,3,2,2,2,2,501,3,1,41,46.9902593332753,2017
"MLI0079",509,34,0,0,0,2,0,1,3,0,1,2,501,8,1,41,46.9902593332753,2017
"MLI0080",509,23,1,2,1,1,2,4,3,2,1,3,505,0,2,41,46.9902593332753,2017
"MLI0081",509,24,0,0,0,0,2,5,3,1,2,2,501,1,1,41,46.9902593332753,2017
"MLI0082",509,22,0,0,0,0,2,3,3,2,2,2,505,7,1,41,46.9902593332753,2017
"MLI0083",509,42,0,0,0,1,3,1,1,1,1,1,509,0,2,41,46.9902593332753,2017
"MLI0084",509,45,0,0,0,0,1,1,3,0,0,0,517,0,2,41,46.9902593332753,2017
"MLI0085",509,52,0,0,0,0,2,2,3,1,1,3,511,3,1,41,46.9902593332753,2017
"MLI0086",509,30,0,0,0,0,0,1,3,2,1,1,515,3,1,41,46.9902593332753,2017
"MLI0087",509,23,0,0,0,0,1,4,3,1,1,2,516,0,2,41,46.9902593332753,2017
"MLI0088",509,70,0,0,0,0,1,2,3,2,0,3,505,0,2,41,46.9902593332753,2017
"MLI0089",509,25,0,0,0,0,0,4,0,2,3,2,501,8,2,41,46.9902593332753,2017
"MLI0090",509,79,0,0,0,0,2,1,3,9,9,1,513,4,2,41,46.9902593332753,2017
"MLI0091",509,32,0,0,0,0,0,4,1,0,1,1,502,2,2,41,46.9902593332753,2017
"MLI0092",509,36,3,3,0,3,2,4,3,2,3,0,513,2,1,41,46.9902593332753,2017
"MLI0093",509,52,0,0,2,0,3,1,0,3,3,3,508,4,1,41,46.9902593332753,2017
"MLI0094",509,19,0,0,0,0,2,1,1,0,1,2,501,0,2,41,46.9902593332753,2017
"MLI0095",509,18,0,0,2,0,2,1,2,0,0,2,501,4,1,41,46.9902593332753,2017
"MLI0096",509,62,0,0,0,4,3,2,3,2,3,2,501,2,1,41,46.9902593332753,2017
"MLI0097",509,28,0,0,0,1,4,5,3,1,3,2,501,6,1,41,46.9902593332753,2017
"MLI0098",509,28,0,0,2,2,3,1,3,3,3,1,501,4,1,41,46.9902593332753,2017
"MLI0099",509,23,0,2,0,1,1,1,2,2,2,3,503,8,1,41,46.9902593332753,2017
"MLI0100",509,57,0,0,0,0,1,1,3,3,3,3,504,0,1,41,46.9902593332753,2017
"MLI0101",509,37,0,0,2,3,1,1,1,3,2,3,513,0,2,41,46.9902593332753,2017
"MLI0102",509,55,0,0,0,0,0,2,1,3,3,3,501,1,1,41,46.9902593332753,2017
"MLI0103",509,27,3,3,3,3,4,4,1,2,2,2,511,3,1,41,46.9902593332753,2017
"MLI0104",509,30,0,4,4,3,3,1,3,2,1,0,517,1,2,41,46.9902593332753,2017
"MLI0105",509,68,2,2,2,1,4,1,3,2,2,3,501,2,2,41,46.9902593332753,2017
"MLI0106",509,41,0,0,0,0,2,4,3,9,1,1,501,2,1,41,46.9902593332753,2017
"MLI0107",509,21,0,4,2,3,2,2,3,2,3,1,501,4,1,41,46.9902593332753,2017
"MLI0108",509,19,0,0,3,1,4,1,1,3,3,1,501,4,1,41,46.9902593332753,2017
"MLI0109",509,65,0,2,2,0,3,1,3,3,3,3,504,1,1,41,46.9902593332753,2017
"MLI0110",509,81,0,4,3,1,4,1,3,2,2,2,501,0,1,41,46.9902593332753,2017
"MLI0111",509,18,0,0,0,0,2,1,3,3,3,3,501,5,2,41,46.9902593332753,2017
"MLI0112",509,30,1,0,0,0,0,1,3,2,1,1,501,0,2,41,46.9902593332753,2017
"MLI0113",509,34,0,0,0,0,2,1,3,1,1,2,515,5,1,41,46.9902593332753,2017
"MLI0114",509,22,0,1,0,0,1,2,3,1,1,0,511,0,2,41,46.9902593332753,2017
"MLI0115",509,45,0,2,2,0,4,4,3,0,0,1,513,0,2,41,46.9902593332753,2017
"MLI0116",509,50,0,0,0,0,2,4,3,1,2,1,501,1,2,41,46.9902593332753,2017
"MLI0117",509,47,3,4,2,1,3,4,3,2,1,2,501,2,2,41,46.9902593332753,2017
"MLI0118",509,60,0,0,2,0,3,1,3,3,3,3,501,0,2,41,46.9902593332753,2017
"MLI0119",509,23,0,0,0,0,0,1,0,2,2,2,511,5,1,41,46.9902593332753,2017
"MLI0120",509,45,0,0,1,0,2,2,3,1,1,3,511,0,2,41,46.9902593332753,2017
"MLI0121",509,28,0,0,0,0,4,1,1,3,1,3,505,5,2,41,46.9902593332753,2017
"MLI0122",509,29,0,1,1,3,3,2,3,1,2,2,501,0,2,41,46.9902593332753,2017
"MLI0123",509,38,3,2,2,1,4,1,3,0,0,1,504,0,2,41,46.9902593332753,2017
"MLI0124",509,75,3,2,4,3,4,1,1,3,3,3,501,0,1,41,46.9902593332753,2017
"MLI0125",509,40,0,0,0,0,1,1,3,1,1,1,501,0,1,41,46.9902593332753,2017
"MLI0126",509,29,1,3,1,2,3,1,2,3,3,3,501,8,1,41,46.9902593332753,2017
"MLI0127",509,27,0,0,0,0,1,1,3,1,2,3,516,4,1,41,46.9902593332753,2017
"MLI0128",509,46,2,1,3,3,4,1,3,1,1,1,501,0,1,41,46.9902593332753,2017
"MLI0129",509,46,0,0,0,1,4,5,3,1,1,3,517,5,2,41,46.9902593332753,2017
"MLI0130",509,37,0,0,0,0,0,5,3,0,2,3,513,3,1,41,46.9902593332753,2017
"MLI0131",509,18,2,0,2,1,3,3,3,1,1,3,517,2,1,41,46.9902593332753,2017
"MLI0132",509,24,0,1,0,0,1,4,1,1,1,1,503,8,1,41,46.9902593332753,2017
"MLI0133",509,25,0,0,0,0,2,1,3,1,1,2,501,2,2,41,46.9902593332753,2017
"MLI0134",509,50,0,0,0,0,0,1,3,2,1,2,513,0,2,41,46.9902593332753,2017
"MLI0135",509,63,0,4,3,4,4,5,3,3,3,3,501,2,2,41,46.9902593332753,2017
"MLI0136",509,35,0,0,0,2,3,5,3,2,3,3,501,2,2,41,46.9902593332753,2017
"MLI0137",509,32,0,1,0,0,3,1,3,1,0,2,509,4,2,41,46.9902593332753,2017
"MLI0138",509,35,0,0,1,0,2,2,3,1,1,1,501,5,2,41,46.9902593332753,2017
"MLI0139",509,42,0,0,0,0,0,3,1,1,1,1,503,8,2,41,46.9902593332753,2017
"MLI0140",509,21,0,0,0,0,2,4,3,1,1,1,509,7,1,41,46.9902593332753,2017
"MLI0141",509,40,0,1,0,0,2,4,3,1,2,3,501,2,1,41,46.9902593332753,2017
"MLI0142",509,20,0,0,0,0,0,1,0,3,2,2,515,7,2,41,46.9902593332753,2017
"MLI0143",509,37,4,0,3,4,4,1,3,3,3,3,517,5,1,41,46.9902593332753,2017
"MLI0144",509,33,2,2,2,0,4,2,2,0,3,3,501,0,2,41,46.9902593332753,2017
"MLI0145",509,54,0,0,0,0,1,3,3,3,3,3,510,5,2,41,46.9902593332753,2017
"MLI0146",509,40,0,0,0,0,3,1,3,3,3,3,501,4,1,41,46.9902593332753,2017
"MLI0147",509,44,0,3,2,3,3,5,3,2,1,0,501,2,1,41,46.9902593332753,2017
"MLI0148",509,43,0,0,0,0,1,1,3,2,1,2,501,4,1,41,46.9902593332753,2017
"MLI0149",509,40,0,0,0,0,2,5,3,1,2,2,9995,0,1,41,46.9902593332753,2017
"MLI0150",509,24,0,0,1,0,0,1,3,3,3,3,513,4,1,41,46.9902593332753,2017
"MLI0151",509,26,0,0,2,0,3,5,3,1,3,0,505,2,2,41,46.9902593332753,2017
"MLI0152",509,44,0,0,0,0,2,1,3,2,3,3,501,4,1,41,46.9902593332753,2017
"MLI0153",503,25,0,0,0,0,2,4,2,2,1,2,505,6,2,9,0.0495318379683881,2017
"MLI0154",503,54,2,0,0,3,3,1,3,1,1,1,501,1,2,9,0.0495318379683881,2017
"MLI0155",502,18,0,0,0,0,1,5,2,1,1,2,503,4,2,16,0.13272089071165,2017
"MLI0156",502,35,0,1,1,2,3,4,3,9,1,1,501,0,1,16,0.13272089071165,2017
"MLI0157",502,19,0,0,0,0,0,1,3,1,2,2,511,5,1,16,0.13272089071165,2017
"MLI0158",503,20,1,2,1,0,3,2,3,3,3,3,513,4,2,9,0.0495318379683881,2017
"MLI0159",503,50,0,0,0,0,0,5,1,1,1,3,513,2,2,9,0.0495318379683881,2017
"MLI0160",502,39,0,0,2,0,3,5,9,9,9,2,511,8,1,16,0.13272089071165,2017
"MLI0161",503,41,1,2,1,0,2,3,3,3,3,3,515,6,1,9,0.0495318379683881,2017
"MLI0162",502,48,0,0,1,0,1,2,2,9,0,9,501,0,2,16,0.13272089071165,2017
"MLI0163",502,67,3,0,2,2,4,2,3,2,1,3,501,0,1,16,0.13272089071165,2017
"MLI0164",503,35,0,0,0,1,2,1,3,2,3,2,501,2,1,9,0.0495318379683881,2017
"MLI0165",502,40,0,0,0,0,2,4,3,1,1,1,501,0,2,16,0.13272089071165,2017
"MLI0166",503,38,0,0,0,0,0,1,3,2,1,1,513,1,1,9,0.0495318379683881,2017
"MLI0167",502,65,0,3,2,3,2,2,3,1,9,3,501,5,2,16,0.13272089071165,2017
"MLI0168",503,44,0,0,0,0,0,1,9,0,0,1,509,2,1,9,0.0495318379683881,2017
"MLI0169",504,39,0,0,0,0,3,2,2,1,1,1,501,0,2,32,0.0611532329622025,2017
"MLI0170",504,42,0,4,4,0,3,2,3,0,0,0,513,0,1,32,0.0611532329622025,2017
"MLI0171",503,35,2,2,3,0,3,1,3,2,2,2,501,0,2,9,0.0495318379683881,2017
"MLI0172",503,70,0,0,4,0,4,4,3,9,9,2,501,0,2,9,0.0495318379683881,2017
"MLI0173",503,35,0,0,1,0,1,4,3,3,3,3,501,1,2,9,0.0495318379683881,2017
"MLI0174",504,60,0,4,4,2,4,2,3,2,2,2,513,1,2,32,0.0611532329622025,2017
"MLI0175",504,63,1,4,1,0,3,4,3,1,1,0,501,0,1,32,0.0611532329622025,2017
"MLI0176",503,30,0,0,0,0,0,4,3,0,0,1,501,2,2,9,0.0495318379683881,2017
"MLI0177",505,35,0,0,0,0,0,4,2,1,1,1,501,8,2,109,0.0240549279862928,2017
"MLI0178",503,50,0,1,2,0,2,1,3,2,2,3,501,1,1,9,0.0495318379683881,2017
"MLI0179",505,52,3,0,2,3,3,5,3,9,9,0,504,0,1,109,0.0240549279862928,2017
"MLI0180",503,48,0,2,2,0,3,1,3,1,1,2,501,0,1,9,0.0495318379683881,2017
"MLI0181",505,45,0,0,1,0,1,2,3,1,2,1,501,1,2,109,0.0240549279862928,2017
"MLI0182",505,48,0,0,0,0,0,1,3,2,2,3,9995,9,1,109,0.0240549279862928,2017
"MLI0183",504,19,0,4,4,0,4,4,3,0,0,0,501,0,2,32,0.0611532329622025,2017
"MLI0184",503,32,3,3,3,0,4,4,3,9,9,9,501,2,1,9,0.0495318379683881,2017
"MLI0185",504,43,3,3,3,0,1,1,3,0,0,0,501,0,1,32,0.0611532329622025,2017
"MLI0186",503,19,0,0,0,0,2,1,3,2,2,3,501,3,1,9,0.0495318379683881,2017
"MLI0187",504,24,3,4,3,0,4,5,3,0,0,0,501,0,2,32,0.0611532329622025,2017
"MLI0188",505,40,2,0,2,0,2,4,2,0,0,1,502,0,1,109,0.0240549279862928,2017
"MLI0189",504,43,0,4,4,2,4,1,3,2,2,2,513,0,1,32,0.0611532329622025,2017
"MLI0190",501,20,0,0,3,0,4,1,3,1,1,3,501,5,2,16,0.049540245964933,2017
"MLI0191",501,22,0,0,0,0,4,5,1,2,2,2,513,7,2,16,0.049540245964933,2017
"MLI0192",501,25,4,3,4,4,4,5,3,3,3,3,501,1,2,16,0.049540245964933,2017
"MLI0193",501,50,0,0,3,0,2,1,1,1,1,2,513,0,2,16,0.049540245964933,2017
"MLI0194",505,44,0,0,3,0,3,1,3,2,1,3,504,0,1,109,0.0240549279862928,2017
"MLI0195",505,22,2,0,2,2,2,5,3,1,2,1,504,3,2,109,0.0240549279862928,2017
"MLI0196",502,22,3,1,3,3,4,1,1,3,3,3,509,3,2,16,0.13272089071165,2017
"MLI0197",502,27,0,0,0,0,0,1,3,2,2,2,513,7,1,16,0.13272089071165,2017
"MLI0198",502,22,0,4,2,0,4,4,3,1,3,3,513,4,1,16,0.13272089071165,2017
"MLI0199",505,27,0,0,1,0,3,1,3,3,3,3,506,1,2,109,0.0240549279862928,2017
"MLI0200",502,22,0,0,0,0,0,4,3,1,1,1,515,4,1,16,0.13272089071165,2017
"MLI0201",501,73,3,2,4,4,4,4,3,1,2,3,501,1,1,16,0.049540245964933,2017
"MLI0202",501,24,1,1,1,0,2,1,2,2,3,3,513,0,1,16,0.049540245964933,2017
"MLI0203",501,31,0,1,2,0,1,1,3,1,1,2,513,2,1,16,0.049540245964933,2017
"MLI0204",501,54,0,0,0,0,1,1,0,1,1,3,513,6,1,16,0.049540245964933,2017
"MLI0205",502,57,0,0,0,0,3,2,3,2,1,2,516,3,1,16,0.13272089071165,2017
"MLI0206",502,35,0,0,0,0,3,3,3,0,0,0,501,0,2,16,0.13272089071165,2017
"MLI0207",502,23,2,3,2,2,4,2,3,0,0,1,501,2,2,16,0.13272089071165,2017
"MLI0208",502,22,0,0,2,0,3,5,3,2,2,1,517,5,2,16,0.13272089071165,2017
"MLI0209",503,30,1,4,3,0,3,4,3,1,1,1,501,0,2,9,0.0495318379683881,2017
"MLI0210",503,25,0,2,0,0,0,1,3,0,0,9,513,0,2,9,0.0495318379683881,2017
"MLI0211",503,34,0,2,0,0,2,4,3,2,0,3,501,0,2,9,0.0495318379683881,2017
"MLI0212",505,42,2,0,2,0,3,4,9,9,9,9,501,0,2,109,0.0240549279862928,2017
"MLI0213",503,63,3,0,0,0,3,3,3,2,2,2,501,1,2,9,0.0495318379683881,2017
"MLI0214",505,51,0,0,0,0,0,4,3,1,2,2,513,1,2,109,0.0240549279862928,2017
"MLI0215",505,32,3,4,0,0,3,1,3,1,1,1,501,2,1,109,0.0240549279862928,2017
"MLI0216",505,31,1,0,0,0,2,1,3,3,3,3,501,4,1,109,0.0240549279862928,2017
"MLI0217",503,19,0,1,0,0,1,3,3,2,2,3,501,3,1,9,0.0495318379683881,2017
"MLI0218",503,70,2,2,0,0,3,2,3,9,9,9,501,0,1,9,0.0495318379683881,2017
"MLI0219",503,44,2,0,0,0,4,1,3,1,1,1,9995,0,1,9,0.0495318379683881,2017
"MLI0220",503,24,1,3,0,0,2,1,3,1,1,1,515,0,1,9,0.0495318379683881,2017
"MLI0221",505,37,0,0,2,0,1,3,0,2,2,2,504,0,1,109,0.0240549279862928,2017
"MLI0222",505,45,0,0,0,0,2,1,0,2,2,1,505,6,1,109,0.0240549279862928,2017
"MLI0223",505,31,3,3,1,3,3,1,3,0,0,1,517,1,2,109,0.0240549279862928,2017
"MLI0224",505,18,0,0,0,0,0,5,0,2,2,1,505,2,2,109,0.0240549279862928,2017
"MLI0225",504,37,0,0,2,0,1,1,0,3,3,3,501,0,2,32,0.0611532329622025,2017
"MLI0226",504,50,0,0,0,0,0,1,3,0,0,0,513,0,2,32,0.0611532329622025,2017
"MLI0227",504,60,0,0,2,0,1,4,3,0,0,0,501,0,1,32,0.0611532329622025,2017
"MLI0228",502,24,0,0,0,0,2,1,1,1,2,1,516,4,1,16,0.13272089071165,2017
"MLI0229",502,19,0,0,0,0,4,2,3,1,1,2,501,3,2,16,0.13272089071165,2017
"MLI0230",502,20,0,2,2,0,2,4,3,1,2,1,511,2,1,16,0.13272089071165,2017
"MLI0231",502,52,0,0,0,0,2,1,3,2,1,3,501,2,1,16,0.13272089071165,2017
"MLI0232",504,40,2,0,0,0,2,5,3,1,1,1,513,0,1,32,0.0611532329622025,2017
"MLI0233",502,68,2,0,0,0,3,2,3,9,9,1,501,0,2,16,0.13272089071165,2017
"MLI0234",504,56,0,1,4,0,2,1,2,1,1,2,513,1,1,32,0.0611532329622025,2017
"MLI0235",504,33,1,0,1,0,3,5,2,0,0,1,501,0,2,32,0.0611532329622025,2017
"MLI0236",504,50,3,2,3,0,3,4,1,1,1,1,501,0,2,32,0.0611532329622025,2017
"MLI0237",502,38,0,0,0,0,2,1,3,1,1,1,501,0,1,16,0.13272089071165,2017
"MLI0238",502,62,0,0,0,0,2,4,3,1,1,1,513,2,2,16,0.13272089071165,2017
"MLI0239",501,38,3,4,3,2,4,3,3,2,1,1,509,0,2,16,0.049540245964933,2017
"MLI0240",502,20,0,0,1,0,3,2,3,1,1,1,501,3,2,16,0.13272089071165,2017
"MLI0241",501,48,2,2,1,2,3,5,3,3,3,3,509,1,2,16,0.049540245964933,2017
"MLI0242",501,65,1,2,3,0,4,2,3,1,1,3,516,0,2,16,0.049540245964933,2017
"MLI0243",501,60,3,0,3,2,3,1,3,1,1,3,501,0,2,16,0.049540245964933,2017
"MLI0244",501,62,2,0,3,2,4,1,3,2,3,3,509,0,1,16,0.049540245964933,2017
"MLI0245",501,54,0,0,0,0,3,1,3,1,3,3,509,1,1,16,0.049540245964933,2017
"MLI0246",501,50,0,0,0,0,1,1,3,3,3,3,516,0,1,16,0.049540245964933,2017
"MLI0247",501,56,0,0,0,0,3,1,0,3,3,3,511,1,1,16,0.049540245964933,2017
"MLI0248",502,80,0,3,2,0,3,4,3,2,0,3,501,0,1,16,0.13272089071165,2017
"MLI0249",502,85,1,0,1,0,1,1,3,1,1,0,501,0,1,16,0.13272089071165,2017
"MLI0250",502,40,0,0,0,2,4,4,3,1,1,2,501,0,2,16,0.13272089071165,2017
"MLI0251",504,48,0,0,0,2,2,1,3,2,2,2,9995,1,2,32,0.0611532329622025,2017
"MLI0252",502,71,3,0,2,0,4,9,1,1,1,1,501,0,1,16,0.13272089071165,2017
"MLI0253",507,30,0,0,1,2,3,4,3,2,2,0,517,0,2,233,0.00736021689522596,2017
"MLI0254",507,20,2,1,3,3,4,1,2,1,1,3,517,0,2,233,0.00736021689522596,2017
"MLI0255",504,25,0,3,0,0,0,1,2,1,1,1,9995,2,2,32,0.0611532329622025,2017
"MLI0256",501,35,0,0,3,2,3,1,3,1,1,3,513,0,2,16,0.049540245964933,2017
"MLI0257",501,22,0,0,2,2,4,1,2,3,3,2,509,0,2,16,0.049540245964933,2017
"MLI0258",504,22,0,0,0,0,3,5,3,3,3,3,504,2,1,32,0.0611532329622025,2017
"MLI0259",501,19,0,2,2,3,4,1,3,1,1,1,509,3,2,16,0.049540245964933,2017
"MLI0260",504,65,0,0,2,3,2,4,3,3,2,3,9995,2,1,32,0.0611532329622025,2017
"MLI0261",506,20,0,2,0,1,3,1,3,1,9,2,517,4,1,185,0.00254346966548368,2017
"MLI0262",506,35,3,0,1,3,2,1,9,9,9,9,517,0,1,185,0.00254346966548368,2017
"MLI0263",501,18,0,2,0,0,2,4,1,3,2,3,501,3,2,16,0.049540245964933,2017
"MLI0264",503,19,0,0,0,0,1,1,3,2,1,3,513,1,2,9,0.0495318379683881,2017
"MLI0265",503,25,2,2,0,2,4,1,1,0,0,1,513,0,2,9,0.0495318379683881,2017
"MLI0266",506,25,0,0,0,1,2,9,9,0,0,9,500,2,2,185,0.00254346966548368,2017
"MLI0267",502,30,3,0,3,3,3,1,3,0,0,3,501,0,2,16,0.13272089071165,2017
"MLI0268",503,28,0,2,3,0,3,5,3,1,1,2,513,0,2,9,0.0495318379683881,2017
"MLI0269",503,35,0,2,0,0,1,1,3,2,0,2,513,0,2,9,0.0495318379683881,2017
"MLI0270",502,30,0,4,2,2,4,2,3,3,3,3,501,0,2,16,0.13272089071165,2017
"MLI0271",502,71,0,0,0,3,2,1,3,1,1,1,501,0,1,16,0.13272089071165,2017
"MLI0272",502,18,0,0,0,0,2,4,3,2,2,2,501,0,2,16,0.13272089071165,2017
"MLI0273",501,47,0,0,0,0,0,1,3,3,3,3,513,0,1,16,0.049540245964933,2017
"MLI0274",507,27,3,2,2,2,4,1,0,2,2,2,517,0,1,233,0.00736021689522596,2017
"MLI0275",505,52,2,0,3,0,1,4,1,2,2,0,513,0,2,109,0.0240549279862928,2017
"MLI0276",504,40,0,0,0,0,2,1,3,0,0,0,501,0,2,32,0.0611532329622025,2017
"MLI0277",505,19,0,2,1,1,3,5,3,2,1,2,501,1,2,109,0.0240549279862928,2017
"MLI0278",505,46,3,1,2,1,3,1,0,1,0,2,517,2,1,109,0.0240549279862928,2017
"MLI0279",501,58,0,0,1,2,2,1,3,3,3,3,513,5,1,16,0.049540245964933,2017
"MLI0280",505,35,2,0,2,4,3,1,3,1,1,2,501,1,1,109,0.0240549279862928,2017
"MLI0281",507,23,1,2,0,1,3,4,3,2,1,2,517,6,1,233,0.00736021689522596,2017
"MLI0282",503,37,0,0,0,0,2,1,3,2,2,3,513,0,1,9,0.0495318379683881,2017
"MLI0283",501,62,2,4,2,2,4,2,3,1,1,2,511,0,1,16,0.049540245964933,2017
"MLI0284",501,66,2,1,3,0,2,1,3,1,1,2,513,1,1,16,0.049540245964933,2017
"MLI0285",503,77,0,2,0,0,2,1,3,9,9,1,513,0,1,9,0.0495318379683881,2017
"MLI0286",504,40,3,0,4,2,4,2,1,3,3,3,504,0,2,32,0.0611532329622025,2017
"MLI0287",503,70,0,2,3,0,2,1,3,2,1,2,513,0,1,9,0.0495318379683881,2017
"MLI0288",503,26,0,0,0,0,1,4,3,0,0,1,513,2,1,9,0.0495318379683881,2017
"MLI0289",504,60,0,0,4,4,4,5,2,3,3,3,9995,1,1,32,0.0611532329622025,2017
"MLI0290",506,21,0,1,0,1,3,1,3,2,1,2,502,4,2,185,0.00254346966548368,2017
"MLI0291",506,57,3,0,3,3,3,1,2,3,3,3,517,0,1,185,0.00254346966548368,2017
"MLI0292",505,20,0,3,1,0,1,4,2,0,0,0,513,0,1,109,0.0240549279862928,2017
"MLI0293",505,25,0,3,0,3,3,1,3,1,1,0,501,1,2,109,0.0240549279862928,2017
"MLI0294",504,63,0,0,0,0,0,1,2,2,2,2,9995,2,1,32,0.0611532329622025,2017
"MLI0295",505,38,3,2,2,2,3,2,3,1,1,1,501,0,2,109,0.0240549279862928,2017
"MLI0296",507,30,0,0,0,0,2,1,3,2,3,2,517,5,2,233,0.00736021689522596,2017
"MLI0297",507,19,2,2,0,2,3,1,2,3,3,9,517,2,2,233,0.00736021689522596,2017
"MLI0298",505,70,0,2,0,0,0,5,3,1,2,1,504,1,1,109,0.0240549279862928,2017
"MLI0299",507,44,0,0,0,0,2,1,1,1,1,2,517,2,1,233,0.00736021689522596,2017
"MLI0300",507,32,2,3,2,2,3,5,1,3,2,1,517,5,1,233,0.00736021689522596,2017
"MLI0301",502,50,0,0,0,0,3,4,3,1,3,2,501,0,1,16,0.13272089071165,2017
"MLI0302",502,32,0,2,2,0,2,2,1,9,9,1,9995,0,1,16,0.13272089071165,2017
"MLI0303",502,58,0,1,2,0,3,4,3,1,0,1,501,0,1,16,0.13272089071165,2017
"MLI0304",502,25,0,3,0,0,4,1,1,1,1,1,501,0,2,16,0.13272089071165,2017
"MLI0305",506,48,2,0,3,0,2,2,1,1,2,2,502,3,1,185,0.00254346966548368,2017
"MLI0306",501,60,0,0,3,0,2,2,3,1,2,0,509,0,2,16,0.049540245964933,2017
"MLI0307",501,27,0,4,0,0,3,5,0,1,1,2,511,0,2,16,0.049540245964933,2017
"MLI0308",501,19,2,4,2,4,4,4,3,2,1,2,501,2,2,16,0.049540245964933,2017
"MLI0309",501,25,0,0,1,0,4,1,3,0,2,3,509,0,2,16,0.049540245964933,2017
"MLI0310",506,31,3,1,0,2,4,9,9,9,9,9,502,0,2,185,0.00254346966548368,2017
"MLI0311",504,36,2,1,0,2,3,5,3,2,2,1,509,4,1,32,0.0611532329622025,2017
"MLI0312",504,19,0,0,0,0,2,1,3,3,3,3,501,6,1,32,0.0611532329622025,2017
"MLI0313",504,45,3,3,0,0,2,1,0,2,3,1,501,0,2,32,0.0611532329622025,2017
"MLI0314",504,40,0,0,3,0,3,5,3,3,2,3,510,1,2,32,0.0611532329622025,2017
"MLI0315",502,60,3,0,0,0,3,1,3,1,1,0,501,0,2,16,0.13272089071165,2017
"MLI0316",502,48,0,0,1,0,2,1,1,2,2,2,501,0,1,16,0.13272089071165,2017
"MLI0317",501,54,0,0,3,0,4,5,3,3,3,3,509,0,1,16,0.049540245964933,2017
"MLI0318",501,40,1,2,3,2,4,2,3,2,2,2,509,2,1,16,0.049540245964933,2017
"MLI0319",502,40,2,2,2,0,3,3,3,2,2,3,501,0,2,16,0.13272089071165,2017
"MLI0320",501,25,0,0,1,0,3,1,1,2,3,3,509,3,1,16,0.049540245964933,2017
"MLI0321",506,19,0,1,0,2,4,2,1,2,1,2,500,6,2,185,0.00254346966548368,2017
"MLI0322",504,18,0,0,0,0,0,1,3,2,2,1,503,2,1,32,0.0611532329622025,2017
"MLI0323",502,18,0,0,0,0,2,9,3,0,0,2,516,0,2,16,0.13272089071165,2017
"MLI0324",501,51,0,2,2,0,4,1,3,3,2,3,509,0,1,16,0.049540245964933,2017
"MLI0325",504,42,0,0,0,2,3,1,2,3,2,3,501,1,2,32,0.0611532329622025,2017
"MLI0326",504,50,0,0,2,0,2,4,3,1,1,1,501,2,1,32,0.0611532329622025,2017
"MLI0327",504,36,0,0,2,3,2,1,0,3,2,3,501,6,2,32,0.0611532329622025,2017
"MLI0328",503,25,0,2,1,0,1,1,3,2,1,3,513,1,2,9,0.0495318379683881,2017
"MLI0329",503,45,0,4,0,0,3,1,3,1,1,2,9995,0,2,9,0.0495318379683881,2017
"MLI0330",503,46,0,0,0,0,3,1,3,1,0,0,513,0,2,9,0.0495318379683881,2017
"MLI0331",503,24,0,2,0,0,0,1,3,1,1,2,509,0,2,9,0.0495318379683881,2017
"MLI0332",505,69,3,4,3,4,2,4,0,2,2,1,516,0,1,109,0.0240549279862928,2017
"MLI0333",505,80,0,1,2,0,1,2,3,0,1,1,504,0,2,109,0.0240549279862928,2017
"MLI0334",505,19,0,0,0,0,3,4,3,1,0,1,516,1,2,109,0.0240549279862928,2017
"MLI0335",505,53,0,0,0,2,3,1,3,1,1,2,509,1,1,109,0.0240549279862928,2017
"MLI0336",507,30,2,3,3,3,4,1,0,2,2,3,518,0,2,233,0.00736021689522596,2017
"MLI0337",507,19,0,1,2,1,3,4,3,1,2,1,518,5,2,233,0.00736021689522596,2017
"MLI0338",503,58,0,3,2,0,2,4,3,3,2,3,513,1,1,9,0.0495318379683881,2017
"MLI0339",501,19,0,0,0,0,3,1,0,3,1,3,509,3,2,16,0.049540245964933,2017
"MLI0340",504,49,0,2,0,0,2,3,3,2,2,2,513,0,2,32,0.0611532329622025,2017
"MLI0341",501,35,2,2,0,0,3,5,3,0,0,0,509,0,2,16,0.049540245964933,2017
"MLI0342",501,18,0,0,3,4,4,4,2,2,1,1,509,1,2,16,0.049540245964933,2017
"MLI0343",504,40,3,3,4,3,4,4,0,2,2,2,501,1,1,32,0.0611532329622025,2017
"MLI0344",501,25,0,0,3,2,4,5,2,2,3,2,513,0,2,16,0.049540245964933,2017
"MLI0345",504,49,0,0,0,0,0,1,3,0,0,0,513,0,2,32,0.0611532329622025,2017
"MLI0346",503,30,0,3,0,0,2,4,3,1,1,2,513,2,1,9,0.0495318379683881,2017
"MLI0347",503,49,0,3,0,0,4,4,3,9,9,9,513,0,1,9,0.0495318379683881,2017
"MLI0348",504,36,0,3,0,3,3,1,3,0,0,0,513,0,1,32,0.0611532329622025,2017
"MLI0349",505,18,0,0,0,0,2,5,3,2,3,2,516,0,2,109,0.0240549279862928,2017
"MLI0350",503,41,0,3,1,0,2,1,3,1,2,3,513,0,1,9,0.0495318379683881,2017
"MLI0351",505,18,0,1,3,2,0,4,2,0,1,1,504,0,1,109,0.0240549279862928,2017
"MLI0352",505,40,0,0,0,3,2,1,3,1,2,3,509,1,2,109,0.0240549279862928,2017
"MLI0353",505,34,0,0,3,0,3,4,3,2,1,2,516,1,1,109,0.0240549279862928,2017
"MLI0354",504,45,4,2,2,3,4,5,3,1,1,1,501,0,2,32,0.0611532329622025,2017
"MLI0355",507,47,2,1,3,3,3,5,0,1,2,3,518,1,1,233,0.00736021689522596,2017
"MLI0356",501,66,0,3,0,0,3,4,2,2,2,3,509,3,1,16,0.049540245964933,2017
"MLI0357",507,73,0,2,2,0,2,1,1,3,3,3,518,5,1,233,0.00736021689522596,2017
"MLI0358",501,56,3,0,3,0,3,2,3,0,0,1,501,0,1,16,0.049540245964933,2017
"MLI0359",501,33,3,0,2,0,3,1,3,3,3,3,501,5,1,16,0.049540245964933,2017
"MLI0360",504,50,0,3,3,0,3,4,1,3,2,2,513,0,1,32,0.0611532329622025,2017
"MLI0361",501,31,2,0,2,4,3,5,3,1,2,1,509,1,1,16,0.049540245964933,2017
"MLI0362",507,20,1,3,2,2,4,5,0,2,2,3,518,4,2,233,0.00736021689522596,2017
"MLI0363",504,36,0,4,0,0,0,2,3,0,0,0,513,0,1,32,0.0611532329622025,2017
"MLI0364",504,30,0,4,0,3,3,1,2,1,1,0,513,0,2,32,0.0611532329622025,2017
"MLI0365",507,25,2,2,2,1,3,2,3,3,3,3,518,0,2,233,0.00736021689522596,2017
"MLI0366",507,30,2,2,2,2,4,1,1,1,1,3,518,6,1,233,0.00736021689522596,2017
"MLI0367",507,40,0,2,0,2,2,1,1,3,3,3,518,5,1,233,0.00736021689522596,2017
"MLI0368",502,35,0,0,3,0,4,1,3,2,2,2,501,2,1,16,0.13272089071165,2017
"MLI0369",502,27,2,2,2,2,3,1,9,1,1,1,501,0,2,16,0.13272089071165,2017
"MLI0370",502,35,1,2,2,0,3,2,3,1,1,2,501,2,1,16,0.13272089071165,2017
"MLI0371",502,41,0,0,1,0,3,1,0,2,1,2,501,2,1,16,0.13272089071165,2017
"MLI0372",506,70,3,2,1,1,4,1,2,3,3,3,517,0,1,185,0.00254346966548368,2017
"MLI0373",506,38,0,0,2,3,2,1,3,1,2,1,517,1,1,185,0.00254346966548368,2017
"MLI0374",504,45,0,0,0,0,2,1,3,0,0,0,504,2,1,32,0.0611532329622025,2017
"MLI0375",504,45,0,0,0,0,2,1,2,2,2,3,505,1,2,32,0.0611532329622025,2017
"MLI0376",504,53,0,0,0,0,0,2,3,3,3,3,504,1,1,32,0.0611532329622025,2017
"MLI0377",502,30,2,0,0,0,2,1,1,2,1,1,501,2,1,16,0.13272089071165,2017
"MLI0378",502,33,1,0,0,0,3,1,0,1,1,1,501,0,2,16,0.13272089071165,2017
"MLI0379",502,61,2,0,3,0,3,5,3,2,2,2,501,0,2,16,0.13272089071165,2017
"MLI0380",502,24,2,2,2,0,3,2,3,2,1,3,501,2,2,16,0.13272089071165,2017
"MLI0381",504,45,0,0,0,0,2,1,3,0,0,0,504,0,2,32,0.0611532329622025,2017
"MLI0382",504,30,0,0,0,0,0,1,0,1,1,3,504,5,1,32,0.0611532329622025,2017
"MLI0383",504,20,0,0,0,0,2,4,2,2,2,3,516,5,1,32,0.0611532329622025,2017
"MLI0384",504,25,3,0,3,2,3,1,2,3,3,3,9995,0,2,32,0.0611532329622025,2017
"MLI0385",506,39,2,0,0,2,3,5,3,0,1,3,517,2,2,185,0.00254346966548368,2017
"MLI0386",506,35,1,2,1,2,3,8,3,9,9,9,517,2,2,185,0.00254346966548368,2017
"MLI0387",504,25,0,0,0,0,0,1,3,1,1,2,501,2,2,32,0.0611532329622025,2017
"MLI0388",506,32,0,2,0,0,1,1,3,3,9,2,513,4,1,185,0.00254346966548368,2017
"MLI0389",506,42,2,1,0,3,3,1,3,3,3,2,517,2,1,185,0.00254346966548368,2017
"MLI0390",501,45,2,4,2,0,3,1,1,2,2,3,509,0,2,16,0.049540245964933,2017
"MLI0391",506,32,0,4,0,3,2,4,3,2,1,3,517,4,2,185,0.00254346966548368,2017
"MLI0392",501,18,3,0,2,0,4,3,3,2,2,3,509,0,2,16,0.049540245964933,2017
"MLI0393",501,18,0,0,0,0,2,2,1,1,3,1,509,0,2,16,0.049540245964933,2017
"MLI0394",501,28,3,4,4,0,4,1,0,1,1,3,509,0,2,16,0.049540245964933,2017
"MLI0395",501,70,0,0,0,0,3,3,3,0,3,3,509,0,1,16,0.049540245964933,2017
"MLI0396",502,70,2,4,3,0,4,1,3,1,0,2,513,0,1,16,0.13272089071165,2017
"MLI0397",502,29,1,2,3,1,3,4,3,2,2,3,513,1,1,16,0.13272089071165,2017
"MLI0398",501,41,2,1,4,0,4,1,3,1,1,2,509,0,1,16,0.049540245964933,2017
"MLI0399",502,32,3,4,3,0,4,4,3,1,1,2,513,0,1,16,0.13272089071165,2017
"MLI0400",501,56,2,4,2,0,3,1,3,2,2,2,509,0,1,16,0.049540245964933,2017
"MLI0401",502,40,3,3,3,3,4,2,3,1,1,1,513,0,2,16,0.13272089071165,2017
"MLI0402",503,18,0,0,0,0,2,1,3,1,0,1,501,0,2,9,0.0495318379683881,2017
"MLI0403",506,40,2,1,1,1,4,1,9,9,9,9,518,0,2,185,0.00254346966548368,2017
"MLI0404",503,59,3,3,3,2,3,4,3,0,0,2,501,0,2,9,0.0495318379683881,2017
"MLI0405",503,22,0,0,0,0,2,1,3,1,1,1,513,0,2,9,0.0495318379683881,2017
"MLI0406",503,25,0,1,0,0,3,2,3,3,1,3,513,1,2,9,0.0495318379683881,2017
"MLI0407",501,40,2,4,4,0,4,1,3,1,1,2,504,1,1,16,0.049540245964933,2017
"MLI0408",505,22,0,1,0,0,3,2,3,2,1,1,505,2,2,109,0.0240549279862928,2017
"MLI0409",505,39,0,4,2,0,1,2,3,9,9,9,505,0,2,109,0.0240549279862928,2017
"MLI0410",502,70,0,0,0,0,3,1,3,1,1,1,513,0,1,16,0.13272089071165,2017
"MLI0411",505,30,0,4,1,0,3,1,3,0,0,2,505,1,1,109,0.0240549279862928,2017
"MLI0412",505,31,3,4,3,1,3,5,1,3,3,3,505,0,1,109,0.0240549279862928,2017
"MLI0413",504,51,2,0,1,1,2,5,2,9,9,9,9995,0,2,32,0.0611532329622025,2017
"MLI0414",503,25,0,0,1,0,1,2,3,3,2,3,515,0,1,9,0.0495318379683881,2017
"MLI0415",504,30,0,0,0,0,3,1,3,2,2,2,501,0,2,32,0.0611532329622025,2017
"MLI0416",502,27,2,0,1,0,3,5,3,1,9,9,513,0,2,16,0.13272089071165,2017
"MLI0417",502,50,1,4,2,0,4,4,3,1,0,1,513,0,2,16,0.13272089071165,2017
"MLI0418",504,26,1,0,2,1,3,1,3,1,1,1,504,0,1,32,0.0611532329622025,2017
"MLI0419",503,67,0,3,0,0,2,1,3,1,1,1,501,0,1,9,0.0495318379683881,2017
"MLI0420",504,35,0,2,3,4,2,5,3,2,3,3,501,0,1,32,0.0611532329622025,2017
"MLI0421",503,60,0,0,1,0,3,4,3,1,1,1,501,0,1,9,0.0495318379683881,2017
"MLI0422",504,35,3,3,3,0,3,1,2,3,3,1,501,0,1,32,0.0611532329622025,2017
"MLI0423",502,22,0,0,4,1,3,3,3,1,1,0,513,3,2,16,0.13272089071165,2017
"MLI0424",503,60,0,3,0,0,3,1,0,3,3,3,513,0,1,9,0.0495318379683881,2017
"MLI0425",505,27,2,4,3,2,3,3,3,1,1,1,505,0,2,109,0.0240549279862928,2017
"MLI0426",505,63,0,4,0,0,3,1,0,0,0,0,505,1,2,109,0.0240549279862928,2017
"MLI0427",505,28,0,0,0,0,2,4,3,1,2,1,505,1,1,109,0.0240549279862928,2017
"MLI0428",505,38,0,4,2,0,3,3,3,0,0,1,505,0,1,109,0.0240549279862928,2017
"MLI0429",504,54,0,0,0,0,3,1,2,2,2,3,501,2,1,32,0.0611532329622025,2017
"MLI0430",504,37,2,2,2,2,3,5,3,0,0,0,512,0,2,32,0.0611532329622025,2017
"MLI0431",504,24,4,0,4,3,4,4,3,0,1,1,9995,1,2,32,0.0611532329622025,2017
"MLI0432",508,42,2,3,0,0,4,4,3,2,2,2,518,3,2,273,0.00254269719804114,2017
"MLI0433",508,22,1,3,1,1,3,2,0,2,2,3,518,0,2,273,0.00254269719804114,2017
"MLI0434",503,25,2,0,0,0,4,1,3,2,2,1,509,0,2,9,0.0495318379683881,2017
"MLI0435",508,58,0,3,0,0,3,1,1,1,1,2,518,5,1,273,0.00254269719804114,2017
"MLI0436",506,30,3,1,1,1,3,1,3,9,9,1,501,0,1,185,0.00254346966548368,2017
"MLI0437",506,34,0,3,0,4,3,3,3,1,2,1,513,0,1,185,0.00254346966548368,2017
"MLI0438",508,54,0,0,1,2,3,1,0,2,2,3,518,0,1,273,0.00254269719804114,2017
"MLI0439",504,55,0,0,2,0,2,1,2,3,3,3,504,0,2,32,0.0611532329622025,2017
"MLI0440",503,45,0,0,0,0,2,1,3,1,1,1,501,0,2,9,0.0495318379683881,2017
"MLI0441",503,20,0,1,0,0,2,1,3,3,3,3,513,2,2,9,0.0495318379683881,2017
"MLI0442",503,55,0,0,0,0,3,4,2,0,0,0,501,0,2,9,0.0495318379683881,2017
"MLI0443",504,29,0,0,1,0,2,1,2,2,2,2,9995,0,2,32,0.0611532329622025,2017
"MLI0444",504,30,2,1,2,2,3,1,2,2,2,1,511,0,1,32,0.0611532329622025,2017
"MLI0445",504,24,0,0,0,0,2,2,3,2,3,2,511,4,1,32,0.0611532329622025,2017
"MLI0446",506,20,1,2,3,4,2,5,3,1,2,3,513,2,2,185,0.00254346966548368,2017
"MLI0447",508,23,0,3,3,3,3,5,3,0,3,3,518,3,2,273,0.00254269719804114,2017
"MLI0448",503,71,0,2,0,0,2,4,3,2,2,3,513,0,1,9,0.0495318379683881,2017
"MLI0449",504,27,0,0,0,0,0,1,3,2,1,1,511,4,1,32,0.0611532329622025,2017
"MLI0450",503,35,0,3,0,0,1,4,3,2,2,3,501,0,1,9,0.0495318379683881,2017
"MLI0451",503,58,2,3,2,0,4,4,1,1,1,2,513,0,1,9,0.0495318379683881,2017
"MLI0452",503,54,0,0,3,0,4,1,3,1,1,1,501,3,1,9,0.0495318379683881,2017
"MLI0453",506,32,3,3,3,3,4,1,3,3,3,3,518,0,2,185,0.00254346966548368,2017
"MLI0454",506,18,1,2,0,3,3,2,3,1,2,1,501,2,1,185,0.00254346966548368,2017
"MLI0455",506,19,2,1,0,3,4,1,3,9,9,9,501,0,2,185,0.00254346966548368,2017
"MLI0456",504,53,1,4,2,0,4,4,2,3,2,3,501,2,1,32,0.0611532329622025,2017
"MLI0457",504,37,1,0,0,0,2,1,3,1,2,3,510,0,2,32,0.0611532329622025,2017
"MLI0458",504,35,0,0,0,0,0,1,2,2,2,2,501,2,2,32,0.0611532329622025,2017
"MLI0459",501,25,1,0,1,1,3,1,2,1,1,2,509,3,2,16,0.049540245964933,2017
"MLI0460",501,50,4,4,3,4,4,4,2,3,3,3,509,0,2,16,0.049540245964933,2017
"MLI0461",501,25,1,4,2,2,3,1,3,2,2,1,9998,2,2,16,0.049540245964933,2017
"MLI0462",506,46,1,2,2,2,4,1,2,3,3,3,517,0,1,185,0.00254346966548368,2017
"MLI0463",501,45,2,0,2,0,4,1,3,2,2,2,509,1,1,16,0.049540245964933,2017
"MLI0464",501,18,0,0,0,0,2,1,1,3,3,3,509,0,2,16,0.049540245964933,2017
"MLI0465",508,26,0,3,0,0,3,1,1,1,1,1,500,3,1,273,0.00254269719804114,2017
"MLI0466",508,55,2,4,0,0,4,1,1,2,2,2,500,4,1,273,0.00254269719804114,2017
"MLI0467",501,38,3,2,4,0,4,2,3,2,3,2,509,1,1,16,0.049540245964933,2017
"MLI0468",501,83,2,2,1,0,3,4,2,1,1,1,509,0,1,16,0.049540245964933,2017
"MLI0469",505,40,3,4,2,1,2,5,1,2,3,1,505,0,1,109,0.0240549279862928,2017
"MLI0470",505,60,0,4,0,0,3,1,0,2,1,1,505,1,1,109,0.0240549279862928,2017
"MLI0471",505,28,0,0,0,0,1,1,2,1,2,1,505,1,2,109,0.0240549279862928,2017
"MLI0472",505,45,0,0,0,1,2,1,3,0,0,0,505,0,2,109,0.0240549279862928,2017
"MLI0473",508,22,2,3,2,2,4,5,3,0,0,1,518,8,2,273,0.00254269719804114,2017
"MLI0474",502,40,0,3,0,0,1,2,2,1,0,0,510,0,1,16,0.13272089071165,2017
"MLI0475",506,30,2,0,0,2,4,1,3,2,1,1,501,0,2,185,0.00254346966548368,2017
"MLI0476",506,31,2,0,1,0,2,4,1,0,1,1,513,0,2,185,0.00254346966548368,2017
"MLI0477",502,52,2,3,2,2,4,2,3,1,1,1,510,0,2,16,0.13272089071165,2017
"MLI0478",502,25,3,3,3,2,4,4,3,1,1,1,510,0,1,16,0.13272089071165,2017
"MLI0479",502,80,3,4,4,0,4,4,3,1,1,1,510,0,1,16,0.13272089071165,2017
"MLI0480",501,52,0,0,2,0,3,5,1,1,1,0,509,1,1,16,0.049540245964933,2017
"MLI0481",505,25,2,4,2,3,3,1,0,2,1,1,505,1,2,109,0.0240549279862928,2017
"MLI0482",505,22,3,4,3,2,3,5,3,0,0,0,505,2,2,109,0.0240549279862928,2017
"MLI0483",505,27,0,1,2,2,1,2,2,1,1,1,505,0,1,109,0.0240549279862928,2017
"MLI0484",503,51,0,0,0,0,1,1,3,2,2,3,501,0,2,9,0.0495318379683881,2017
"MLI0485",503,27,3,0,2,0,4,1,1,2,2,2,9995,0,2,9,0.0495318379683881,2017
"MLI0486",503,40,0,0,1,0,3,4,3,1,2,0,501,0,2,9,0.0495318379683881,2017
"MLI0487",503,60,0,0,0,0,1,2,3,0,0,1,501,0,2,9,0.0495318379683881,2017
"MLI0488",505,35,0,0,0,0,2,2,2,3,3,3,505,1,1,109,0.0240549279862928,2017
"MLI0489",502,29,3,2,1,2,3,2,3,1,1,1,510,0,1,16,0.13272089071165,2017
"MLI0490",504,40,0,0,0,0,3,5,3,1,2,2,9995,0,2,32,0.0611532329622025,2017
"MLI0491",504,55,0,0,0,2,1,4,2,2,2,3,9995,0,1,32,0.0611532329622025,2017
"MLI0492",504,42,0,0,0,0,3,1,3,1,1,2,501,0,1,32,0.0611532329622025,2017
"MLI0493",504,31,1,0,0,0,3,1,3,3,3,2,501,2,2,32,0.0611532329622025,2017
"MLI0494",503,36,0,0,1,0,1,1,3,3,3,3,501,0,1,9,0.0495318379683881,2017
"MLI0495",502,40,3,0,3,0,3,4,3,1,0,0,510,0,2,16,0.13272089071165,2017
"MLI0496",502,35,3,4,3,0,4,3,1,2,2,2,510,0,2,16,0.13272089071165,2017
"MLI0497",502,25,3,3,2,2,3,3,3,1,1,1,510,0,2,16,0.13272089071165,2017
"MLI0498",503,68,3,0,4,0,4,4,3,9,9,9,501,0,1,9,0.0495318379683881,2017
"MLI0499",503,40,0,0,0,0,2,1,3,1,1,2,501,0,1,9,0.0495318379683881,2017
"MLI0500",503,47,2,0,0,0,0,1,3,2,2,3,501,0,1,9,0.0495318379683881,2017
"MLI0501",504,37,0,0,3,3,2,2,3,2,2,2,516,0,2,32,0.0611532329622025,2017
"MLI0502",504,30,0,0,0,0,2,1,3,1,1,3,501,3,1,32,0.0611532329622025,2017
"MLI0503",504,38,2,0,0,0,3,1,2,2,2,2,501,1,1,32,0.0611532329622025,2017
"MLI0504",504,24,3,0,0,2,4,2,2,3,3,3,501,0,2,32,0.0611532329622025,2017
"MLI0505",503,50,3,0,2,0,4,5,3,2,2,2,501,0,2,9,0.0495318379683881,2017
"MLI0506",505,60,3,4,3,1,3,2,3,1,1,0,505,0,1,109,0.0240549279862928,2017
"MLI0507",503,32,0,0,0,1,2,2,3,1,1,3,501,0,2,9,0.0495318379683881,2017
"MLI0508",503,37,1,0,2,0,3,1,1,1,1,3,501,2,2,9,0.0495318379683881,2017
"MLI0509",503,30,0,0,0,0,0,1,3,1,1,2,501,0,2,9,0.0495318379683881,2017
"MLI0510",505,25,0,3,1,1,2,2,3,0,0,0,505,0,2,109,0.0240549279862928,2017
"MLI0511",505,36,0,0,2,0,3,4,1,2,1,2,505,0,2,109,0.0240549279862928,2017
"MLI0512",507,19,2,1,1,2,2,2,0,1,2,2,500,2,1,233,0.00736021689522596,2017
"MLI0513",505,30,0,4,0,0,3,1,3,2,2,3,505,4,1,109,0.0240549279862928,2017
"MLI0514",507,20,2,3,2,2,3,1,2,1,1,1,500,0,2,233,0.00736021689522596,2017
"MLI0515",503,25,0,0,0,0,1,4,2,3,2,3,501,2,1,9,0.0495318379683881,2017
"MLI0516",505,29,0,2,0,1,1,2,3,0,0,0,505,0,1,109,0.0240549279862928,2017
"MLI0517",501,63,3,0,2,3,4,4,1,3,3,3,508,0,2,16,0.049540245964933,2017
"MLI0518",501,33,1,3,4,1,2,4,1,1,1,2,516,2,2,16,0.049540245964933,2017
"MLI0519",501,20,3,4,4,3,4,5,0,1,2,1,508,1,2,16,0.049540245964933,2017
"MLI0520",505,30,0,0,0,2,1,4,3,0,0,0,505,0,2,109,0.0240549279862928,2017
"MLI0521",503,40,0,0,0,0,2,1,3,2,2,2,501,1,1,9,0.0495318379683881,2017
"MLI0522",505,30,0,0,0,0,3,2,2,1,2,1,505,1,1,109,0.0240549279862928,2017
"MLI0523",501,22,1,0,1,3,3,1,3,2,2,1,508,1,2,16,0.049540245964933,2017
"MLI0524",503,78,0,0,0,0,3,3,3,3,3,3,501,0,1,9,0.0495318379683881,2017
"MLI0525",503,20,0,3,3,0,4,1,0,2,2,3,501,0,1,9,0.0495318379683881,2017
"MLI0526",505,20,3,2,2,3,3,1,0,1,2,2,505,1,2,109,0.0240549279862928,2017
"MLI0527",506,28,1,1,1,2,2,1,2,1,1,1,518,0,1,185,0.00254346966548368,2017
"MLI0528",507,45,2,2,2,2,4,2,0,2,2,2,500,1,2,233,0.00736021689522596,2017
"MLI0529",506,53,2,3,1,2,3,2,3,2,1,1,517,5,1,185,0.00254346966548368,2017
"MLI0530",501,61,4,4,4,3,4,4,3,2,3,2,508,0,1,16,0.049540245964933,2017
"MLI0531",501,71,3,0,1,0,3,1,3,3,3,3,508,0,1,16,0.049540245964933,2017
"MLI0532",501,65,2,0,4,2,4,1,3,0,1,3,508,3,1,16,0.049540245964933,2017
"MLI0533",501,66,0,1,1,0,3,1,3,2,2,3,508,0,1,16,0.049540245964933,2017
"MLI0534",507,50,2,3,3,1,3,1,2,1,1,1,500,2,1,233,0.00736021689522596,2017
"MLI0535",506,23,3,2,1,3,4,4,3,1,1,2,513,4,2,185,0.00254346966548368,2017
"MLI0536",504,30,2,0,0,2,3,4,2,1,2,2,504,2,2,32,0.0611532329622025,2017
"MLI0537",504,62,0,3,0,0,2,4,2,1,1,3,501,0,1,32,0.0611532329622025,2017
"MLI0538",506,18,3,2,1,2,4,2,3,2,1,2,502,4,2,185,0.00254346966548368,2017
"MLI0539",504,63,0,0,0,2,1,1,3,0,0,2,503,2,1,32,0.0611532329622025,2017
"MLI0540",504,35,0,0,1,0,3,1,2,2,2,2,511,0,2,32,0.0611532329622025,2017
"MLI0541",507,32,1,1,2,1,4,2,0,3,2,2,500,4,1,233,0.00736021689522596,2017
"MLI0542",507,20,0,3,0,0,2,1,1,2,2,1,500,0,2,233,0.00736021689522596,2017
"MLI0543",504,19,0,0,1,0,2,1,3,1,1,2,513,4,1,32,0.0611532329622025,2017
"MLI0544",504,37,0,0,0,0,0,1,0,3,3,3,9995,6,1,32,0.0611532329622025,2017
"MLI0545",504,43,3,0,0,3,4,1,1,0,0,1,503,0,2,32,0.0611532329622025,2017
"MLI0546",504,27,3,0,1,2,3,1,2,3,2,1,501,2,2,32,0.0611532329622025,2017
"MLI0547",507,37,2,3,2,2,4,5,0,2,2,2,518,1,2,233,0.00736021689522596,2017
"MLI0548",503,56,0,0,0,0,2,1,2,2,2,3,9995,0,2,9,0.0495318379683881,2017
"MLI0549",507,18,2,2,2,2,3,1,3,3,2,2,500,2,1,233,0.00736021689522596,2017
"MLI0550",503,24,0,3,2,0,3,1,2,1,2,2,513,4,2,9,0.0495318379683881,2017
"MLI0551",503,40,0,0,0,0,1,1,3,0,0,1,513,0,2,9,0.0495318379683881,2017
"MLI0552",505,45,0,4,0,0,3,1,3,1,1,1,505,1,1,109,0.0240549279862928,2017
"MLI0553",505,18,1,3,3,2,3,1,3,3,3,3,505,2,1,109,0.0240549279862928,2017
"MLI0554",505,20,0,0,0,0,2,2,2,1,1,3,505,0,2,109,0.0240549279862928,2017
"MLI0555",501,50,0,0,1,3,4,4,3,3,2,3,513,0,2,16,0.049540245964933,2017
"MLI0556",505,80,0,1,2,1,1,2,2,0,0,1,505,0,2,109,0.0240549279862928,2017
"MLI0557",506,43,0,2,0,1,2,1,3,2,1,1,517,3,1,185,0.00254346966548368,2017
"MLI0558",501,42,2,0,1,1,3,2,3,1,2,1,513,0,2,16,0.049540245964933,2017
"MLI0559",506,19,0,1,0,1,2,1,3,2,2,3,517,2,1,185,0.00254346966548368,2017
"MLI0560",501,30,4,4,4,3,4,5,3,2,2,2,513,0,2,16,0.049540245964933,2017
"MLI0561",501,34,0,0,0,0,3,1,3,2,1,1,513,2,2,16,0.049540245964933,2017
"MLI0562",503,45,0,0,0,0,4,1,3,9,9,9,9995,0,2,9,0.0495318379683881,2017
"MLI0563",502,71,1,0,2,0,3,1,3,1,0,2,501,0,1,16,0.13272089071165,2017
"MLI0564",502,18,1,4,4,0,4,1,2,1,1,1,501,2,1,16,0.13272089071165,2017
"MLI0565",502,44,0,2,0,1,3,1,3,1,9,9,501,0,2,16,0.13272089071165,2017
"MLI0566",503,75,0,2,0,0,2,1,3,0,0,2,513,0,1,9,0.0495318379683881,2017
"MLI0567",502,30,0,1,2,0,3,2,3,9,1,1,501,2,1,16,0.13272089071165,2017
"MLI0568",506,20,1,2,2,0,3,3,3,2,1,3,500,4,2,185,0.00254346966548368,2017
"MLI0569",505,58,0,2,0,0,2,5,3,0,0,0,505,0,2,109,0.0240549279862928,2017
"MLI0570",501,51,0,0,1,0,2,1,3,1,1,2,513,0,1,16,0.049540245964933,2017
"MLI0571",505,60,0,2,0,0,3,1,3,0,0,0,505,1,2,109,0.0240549279862928,2017
"MLI0572",503,37,0,0,0,0,2,1,3,2,2,2,9995,2,1,9,0.0495318379683881,2017
"MLI0573",503,32,0,3,0,0,2,5,3,1,1,2,513,2,1,9,0.0495318379683881,2017
"MLI0574",506,50,0,0,1,2,2,1,3,2,2,2,517,0,2,185,0.00254346966548368,2017
"MLI0575",501,67,0,0,0,0,1,1,2,1,1,1,516,6,1,16,0.049540245964933,2017
"MLI0576",505,40,0,2,1,0,1,2,2,1,1,1,505,1,1,109,0.0240549279862928,2017
"MLI0577",504,19,0,0,0,0,3,1,2,2,2,1,512,0,2,32,0.0611532329622025,2017
"MLI0578",504,23,0,0,0,0,0,1,3,0,1,0,512,2,1,32,0.0611532329622025,2017
"MLI0579",504,53,0,0,3,3,3,2,0,3,3,3,512,1,1,32,0.0611532329622025,2017
"MLI0580",503,54,0,0,0,0,1,4,3,1,1,0,9995,0,1,9,0.0495318379683881,2017
"MLI0581",504,30,0,2,0,0,3,1,2,2,2,2,512,0,2,32,0.0611532329622025,2017
"MLI0582",505,37,0,0,0,0,2,4,3,3,2,3,505,1,1,109,0.0240549279862928,2017
"MLI0583",501,45,0,0,0,1,2,4,3,1,1,1,513,2,1,16,0.049540245964933,2017
"MLI0584",504,56,0,4,3,0,0,1,3,1,1,1,512,1,1,32,0.0611532329622025,2017
"MLI0585",501,48,0,0,2,2,1,1,3,1,1,2,513,1,1,16,0.049540245964933,2017
"MLI0586",502,35,2,4,3,0,4,2,3,0,1,2,501,0,2,16,0.13272089071165,2017
"MLI0587",502,28,1,0,0,0,3,1,1,1,1,1,501,0,1,16,0.13272089071165,2017
"MLI0588",502,39,3,0,1,0,3,2,2,9,9,9,501,0,2,16,0.13272089071165,2017
"MLI0589",502,55,2,2,2,0,4,4,3,1,1,1,501,0,2,16,0.13272089071165,2017
"MLI0590",504,20,0,0,0,2,3,1,2,2,2,1,512,1,2,32,0.0611532329622025,2017
"MLI0591",504,45,0,2,0,2,2,1,3,0,0,0,512,0,2,32,0.0611532329622025,2017
"MLI0592",504,51,0,2,0,0,3,1,2,2,2,2,512,1,1,32,0.0611532329622025,2017
"MLI0593",503,48,3,2,0,0,2,2,3,1,8,1,501,0,2,9,0.0495318379683881,2017
"MLI0594",503,20,0,0,0,0,1,3,3,2,2,2,513,3,2,9,0.0495318379683881,2017
"MLI0595",503,27,2,3,3,1,3,4,3,9,9,9,9995,4,2,9,0.0495318379683881,2017
"MLI0596",503,45,3,0,0,0,4,1,3,0,0,0,513,0,2,9,0.0495318379683881,2017
"MLI0597",503,22,0,0,0,1,2,1,3,1,1,3,501,7,1,9,0.0495318379683881,2017
"MLI0598",503,59,0,0,0,0,0,1,3,2,1,2,501,8,1,9,0.0495318379683881,2017
"MLI0599",503,47,0,3,2,0,3,1,3,9,9,1,9995,0,1,9,0.0495318379683881,2017
"MLI0600",503,27,0,0,0,2,2,1,0,1,2,1,515,6,1,9,0.0495318379683881,2017
"MLI0601",501,18,0,0,0,0,2,1,2,2,1,2,509,3,2,16,0.049540245964933,2017
"MLI0602",501,21,1,3,0,4,4,1,0,1,2,1,513,4,2,16,0.049540245964933,2017
"MLI0603",501,26,0,0,0,0,0,1,2,2,1,3,501,3,2,16,0.049540245964933,2017
"MLI0604",502,18,0,0,1,2,2,2,3,1,2,1,501,0,2,16,0.13272089071165,2017
"MLI0605",502,45,0,0,2,0,3,1,1,1,1,1,501,8,1,16,0.13272089071165,2017
"MLI0606",502,56,0,0,0,0,2,1,3,1,1,1,507,0,1,16,0.13272089071165,2017
"MLI0607",501,23,0,0,0,0,0,4,3,1,2,3,501,6,1,16,0.049540245964933,2017
"MLI0608",502,47,0,0,0,0,1,2,3,0,0,0,501,0,1,16,0.13272089071165,2017
"MLI0609",501,19,0,0,0,0,0,1,3,0,0,1,501,4,1,16,0.049540245964933,2017
"MLI0610",505,60,2,3,3,1,3,5,3,0,0,0,505,0,1,109,0.0240549279862928,2017
"MLI0611",505,38,0,0,0,0,2,4,3,1,2,2,505,1,2,109,0.0240549279862928,2017
"MLI0612",501,26,2,3,3,3,4,5,3,2,2,2,513,2,1,16,0.049540245964933,2017
"MLI0613",505,30,0,0,0,0,4,1,3,1,2,0,505,1,1,109,0.0240549279862928,2017
"MLI0614",504,20,1,3,0,0,0,1,1,2,2,3,501,0,1,32,0.0611532329622025,2017
"MLI0615",501,60,0,0,1,0,3,4,3,1,1,1,501,0,2,16,0.049540245964933,2017
"MLI0616",504,30,0,0,0,0,2,1,3,9,9,1,501,1,1,32,0.0611532329622025,2017
"MLI0617",505,36,0,0,0,1,2,1,1,1,1,2,505,9,2,109,0.0240549279862928,2017
"MLI0618",504,50,0,4,2,0,4,1,2,2,2,2,513,0,2,32,0.0611532329622025,2017
"MLI0619",504,35,0,0,0,0,0,1,0,1,1,2,513,1,2,32,0.0611532329622025,2017
"MLI0620",507,23,0,0,0,0,2,1,0,1,3,3,500,1,2,233,0.00736021689522596,2017
"MLI0621",507,24,0,0,0,0,2,1,1,1,1,1,500,6,1,233,0.00736021689522596,2017
"MLI0622",502,75,1,2,2,1,3,4,1,1,1,2,516,0,2,16,0.13272089071165,2017
"MLI0623",502,29,1,0,0,0,2,1,2,1,1,1,501,0,1,16,0.13272089071165,2017
"MLI0624",502,23,0,0,0,0,2,1,2,2,2,3,516,0,2,16,0.13272089071165,2017
"MLI0625",502,27,0,0,2,0,3,4,3,1,1,1,513,3,2,16,0.13272089071165,2017
"MLI0626",505,21,1,3,1,2,3,1,0,3,3,3,505,0,2,109,0.0240549279862928,2017
"MLI0627",505,28,0,0,0,0,0,2,3,1,1,1,505,1,1,109,0.0240549279862928,2017
"MLI0628",501,51,0,2,2,3,3,1,3,1,1,2,516,1,1,16,0.049540245964933,2017
"MLI0629",505,30,0,0,1,0,3,1,3,0,0,0,505,1,2,109,0.0240549279862928,2017
"MLI0630",507,50,0,0,0,0,2,1,1,3,3,3,500,3,1,233,0.00736021689522596,2017
"MLI0631",504,45,0,2,0,0,4,1,2,2,2,2,513,1,1,32,0.0611532329622025,2017
"MLI0632",507,37,2,3,3,3,4,1,0,2,2,2,500,5,2,233,0.00736021689522596,2017
"MLI0633",504,31,0,4,0,0,2,5,3,1,1,1,513,0,2,32,0.0611532329622025,2017
"MLI0634",505,30,0,0,0,0,0,2,3,1,2,2,505,0,1,109,0.0240549279862928,2017
"MLI0635",504,40,2,2,2,3,4,1,3,0,0,0,513,1,2,32,0.0611532329622025,2017
"MLI0636",504,66,2,4,0,0,0,1,3,2,2,3,513,1,1,32,0.0611532329622025,2017
"MLI0637",507,34,0,2,0,1,2,1,0,1,1,2,500,6,1,233,0.00736021689522596,2017
"MLI0638",507,22,0,2,2,0,2,5,1,2,2,1,500,0,2,233,0.00736021689522596,2017
"MLI0639",502,21,0,0,0,0,1,1,3,0,0,1,501,0,1,16,0.13272089071165,2017
"MLI0640",502,29,0,0,0,0,3,2,3,3,3,2,501,0,2,16,0.13272089071165,2017
"MLI0641",502,31,0,0,0,0,1,1,3,2,2,2,510,2,1,16,0.13272089071165,2017
"MLI0642",502,45,0,0,1,0,2,2,3,2,2,2,516,1,1,16,0.13272089071165,2017
"MLI0643",506,53,2,3,2,1,4,1,3,3,3,3,517,0,1,185,0.00254346966548368,2017
"MLI0644",506,42,3,4,0,3,3,2,3,1,2,3,517,4,1,185,0.00254346966548368,2017
"MLI0645",507,23,2,3,3,3,3,1,0,2,2,2,500,7,1,233,0.00736021689522596,2017
"MLI0646",503,40,0,0,0,0,3,1,3,3,3,3,515,0,2,9,0.0495318379683881,2017
"MLI0647",503,49,0,1,2,0,3,4,3,0,0,0,501,0,2,9,0.0495318379683881,2017
"MLI0648",503,40,0,0,0,0,0,2,3,1,1,2,515,0,2,9,0.0495318379683881,2017
"MLI0649",503,27,0,0,0,1,0,1,2,2,2,2,501,0,2,9,0.0495318379683881,2017
"MLI0650",507,55,0,0,0,0,0,1,2,3,3,3,500,5,1,233,0.00736021689522596,2017
"MLI0651",502,43,2,1,1,0,3,4,2,2,2,2,501,0,1,16,0.13272089071165,2017
"MLI0652",502,40,3,0,0,0,3,1,3,1,1,1,501,0,2,16,0.13272089071165,2017
"MLI0653",503,55,0,2,0,0,3,1,3,9,9,0,515,0,1,9,0.0495318379683881,2017
"MLI0654",502,28,0,0,2,0,4,1,3,2,2,1,513,0,2,16,0.13272089071165,2017
"MLI0655",503,20,0,3,0,0,0,1,3,0,1,1,501,3,1,9,0.0495318379683881,2017
"MLI0656",502,53,2,2,2,0,3,3,3,2,2,2,516,0,2,16,0.13272089071165,2017
"MLI0657",506,20,3,2,1,3,4,1,3,2,1,2,517,0,2,185,0.00254346966548368,2017
"MLI0658",506,52,2,3,1,2,3,1,3,1,2,1,517,0,2,185,0.00254346966548368,2017
"MLI0659",503,52,0,0,0,0,0,4,2,2,2,2,501,1,1,9,0.0495318379683881,2017
"MLI0660",503,20,0,0,3,0,2,1,3,0,0,0,515,2,1,9,0.0495318379683881,2017
"MLI0661",501,50,1,3,3,4,3,1,1,1,1,2,516,1,2,16,0.049540245964933,2017
"MLI0662",501,30,0,0,0,0,4,5,3,2,2,2,516,0,2,16,0.049540245964933,2017
"MLI0663",501,44,0,1,1,0,2,4,3,2,2,2,516,1,2,16,0.049540245964933,2017
"MLI0664",501,29,0,0,0,0,0,2,0,1,1,2,516,0,2,16,0.049540245964933,2017
"MLI0665",504,47,0,4,0,0,4,1,3,2,1,2,501,0,2,32,0.0611532329622025,2017
"MLI0666",504,32,2,4,0,0,0,1,3,2,2,1,501,0,2,32,0.0611532329622025,2017
"MLI0667",504,20,0,2,0,0,2,2,2,2,2,1,501,0,1,32,0.0611532329622025,2017
"MLI0668",504,66,3,0,3,2,2,4,3,0,0,0,501,0,1,32,0.0611532329622025,2017
"MLI0669",506,45,3,3,1,3,4,1,3,3,1,1,517,0,1,185,0.00254346966548368,2017
"MLI0670",506,25,1,3,2,3,2,1,3,2,1,1,517,2,1,185,0.00254346966548368,2017
"MLI0671",505,22,0,0,0,0,0,4,3,1,2,1,505,6,2,109,0.0240549279862928,2017
"MLI0672",505,44,1,4,1,3,3,1,3,0,0,0,505,1,1,109,0.0240549279862928,2017
"MLI0673",505,32,0,2,1,0,1,1,3,1,1,1,505,1,2,109,0.0240549279862928,2017
"MLI0674",505,43,3,4,3,2,3,5,3,2,1,1,505,0,1,109,0.0240549279862928,2017
"MLI0675",506,30,2,2,1,2,4,1,3,1,2,3,517,0,2,185,0.00254346966548368,2017
"MLI0676",504,55,0,2,0,0,2,2,2,1,1,1,501,0,1,32,0.0611532329622025,2017
"MLI0677",504,31,3,3,3,0,3,1,3,0,0,1,501,0,2,32,0.0611532329622025,2017
"MLI0678",501,60,0,0,0,0,2,4,3,1,1,2,516,3,1,16,0.049540245964933,2017
"MLI0679",504,40,4,3,3,4,4,1,3,0,0,0,501,1,2,32,0.0611532329622025,2017
"MLI0680",505,35,0,0,0,0,0,5,3,0,0,1,505,0,2,109,0.0240549279862928,2017
"MLI0681",504,47,3,4,0,0,3,1,3,1,1,1,501,0,1,32,0.0611532329622025,2017
"MLI0682",505,30,0,3,0,0,3,1,0,0,1,1,505,1,2,109,0.0240549279862928,2017
"MLI0683",501,73,0,0,0,0,0,1,1,3,3,3,516,0,1,16,0.049540245964933,2017
"MLI0684",505,19,0,0,0,0,2,5,2,1,2,2,505,1,1,109,0.0240549279862928,2017
"MLI0685",501,61,0,0,3,0,3,1,1,2,2,3,516,3,1,16,0.049540245964933,2017
"MLI0686",505,24,0,3,2,1,2,2,3,9,9,9,505,1,1,109,0.0240549279862928,2017
"MLI0687",506,36,2,4,1,3,4,1,3,1,2,1,517,1,2,185,0.00254346966548368,2017
"MLI0688",501,67,3,2,4,4,4,1,3,1,1,2,516,2,1,16,0.049540245964933,2017
"MLI0689",503,56,0,0,0,0,3,5,3,1,1,0,515,1,2,9,0.0495318379683881,2017
"MLI0690",503,50,0,0,1,0,1,3,2,2,2,3,515,0,2,9,0.0495318379683881,2017
"MLI0691",503,52,0,0,3,0,4,5,3,9,9,9,515,0,2,9,0.0495318379683881,2017
"MLI0692",503,35,0,0,0,0,0,4,1,1,1,1,515,3,2,9,0.0495318379683881,2017
"MLI0693",507,40,2,3,2,2,4,2,0,3,2,2,518,0,1,233,0.00736021689522596,2017
"MLI0694",502,60,0,0,0,0,2,1,3,1,1,1,501,5,1,16,0.13272089071165,2017
"MLI0695",502,36,1,2,1,3,3,2,1,1,1,1,501,0,2,16,0.13272089071165,2017
"MLI0696",502,23,0,0,0,0,3,3,3,0,0,1,501,0,1,16,0.13272089071165,2017
"MLI0697",503,32,0,1,1,0,2,2,3,2,2,2,515,2,1,9,0.0495318379683881,2017
"MLI0698",502,42,2,1,2,0,3,1,3,0,0,0,501,2,1,16,0.13272089071165,2017
"MLI0699",505,37,3,3,3,3,3,5,3,2,2,2,505,0,1,109,0.0240549279862928,2017
"MLI0700",505,52,0,3,3,2,2,2,3,9,1,3,505,1,2,109,0.0240549279862928,2017
"MLI0701",503,20,0,0,0,0,2,1,3,3,3,3,515,3,1,9,0.0495318379683881,2017
"MLI0702",507,44,2,2,2,2,3,4,2,2,2,2,517,0,2,233,0.00736021689522596,2017
"MLI0703",505,40,0,0,0,0,3,1,3,2,2,2,505,1,1,109,0.0240549279862928,2017
"MLI0704",505,20,0,0,0,0,1,4,3,1,1,2,505,1,2,109,0.0240549279862928,2017
"MLI0705",503,48,0,0,0,0,2,1,3,1,1,2,515,0,1,9,0.0495318379683881,2017
"MLI0706",503,41,0,0,0,0,2,1,3,9,9,2,515,1,1,9,0.0495318379683881,2017
"MLI0707",502,60,0,0,0,0,2,1,2,1,1,1,501,0,2,16,0.13272089071165,2017
"MLI0708",502,51,0,0,1,0,2,2,3,1,1,9,501,0,1,16,0.13272089071165,2017
"MLI0709",502,50,0,2,2,2,4,4,3,1,1,1,501,2,2,16,0.13272089071165,2017
"MLI0710",502,70,0,0,0,0,0,1,3,1,1,1,516,0,2,16,0.13272089071165,2017
"MLI0711",505,40,3,3,0,3,3,5,1,1,2,1,505,2,2,109,0.0240549279862928,2017
"MLI0712",507,40,3,3,3,2,4,2,0,2,2,2,518,0,2,233,0.00736021689522596,2017
"MLI0713",505,35,0,0,0,0,3,1,3,2,2,2,505,0,2,109,0.0240549279862928,2017
"MLI0714",505,47,0,0,0,0,2,3,3,2,2,0,505,0,1,109,0.0240549279862928,2017
"MLI0715",507,26,0,3,1,0,4,1,3,3,3,1,517,0,1,233,0.00736021689522596,2017
"MLI0716",505,46,0,0,0,0,1,2,2,2,1,1,505,1,1,109,0.0240549279862928,2017
"MLI0717",507,20,2,2,2,1,3,3,1,2,2,2,517,0,2,233,0.00736021689522596,2017
"MLI0718",507,35,3,3,3,3,4,1,2,2,2,2,518,0,1,233,0.00736021689522596,2017
"MLI0719",507,45,2,1,2,2,4,3,2,1,1,1,517,0,1,233,0.00736021689522596,2017
"MLI0720",503,35,0,0,1,0,2,1,3,2,2,3,515,3,2,9,0.0495318379683881,2017
"MLI0721",503,25,0,0,0,0,2,1,3,0,0,0,515,0,2,9,0.0495318379683881,2017
"MLI0722",507,38,3,3,3,3,4,1,3,2,2,2,518,0,2,233,0.00736021689522596,2017
"MLI0723",503,36,0,0,0,1,3,1,0,9,9,9,501,0,2,9,0.0495318379683881,2017
"MLI0724",502,27,0,0,0,0,2,2,3,1,2,1,516,3,1,16,0.13272089071165,2017
"MLI0725",503,30,0,0,0,0,0,1,3,0,0,1,515,0,2,9,0.0495318379683881,2017
"MLI0726",502,35,0,0,0,0,3,4,3,0,0,0,501,2,1,16,0.13272089071165,2017
"MLI0727",502,23,1,0,0,1,3,2,3,2,1,1,501,1,2,16,0.13272089071165,2017
"MLI0728",502,56,0,0,0,0,1,1,1,1,1,1,516,0,1,16,0.13272089071165,2017
"MLI0729",506,65,3,2,1,3,4,1,2,9,9,2,517,2,1,185,0.00254346966548368,2017
"MLI0730",506,50,0,2,0,1,3,2,3,3,9,2,517,0,1,185,0.00254346966548368,2017
"MLI0731",501,40,2,3,2,1,4,1,3,3,1,2,516,3,2,16,0.049540245964933,2017
"MLI0732",501,42,2,4,4,4,4,1,3,1,2,3,516,1,2,16,0.049540245964933,2017
"MLI0733",501,30,1,2,3,0,3,1,1,2,1,2,516,2,2,16,0.049540245964933,2017
"MLI0734",504,27,1,4,2,0,0,4,3,2,1,1,516,0,2,32,0.0611532329622025,2017
"MLI0735",503,68,0,2,1,0,1,3,3,2,1,2,515,1,1,9,0.0495318379683881,2017
"MLI0736",502,27,0,0,0,0,2,5,3,1,2,2,509,4,2,16,0.13272089071165,2017
"MLI0737",504,74,0,0,4,0,4,2,3,0,0,0,501,1,1,32,0.0611532329622025,2017
"MLI0738",503,32,0,0,1,0,3,4,3,1,1,2,501,0,1,9,0.0495318379683881,2017
"MLI0739",502,20,0,0,0,0,0,1,3,2,2,2,516,0,2,16,0.13272089071165,2017
"MLI0740",501,19,0,0,0,0,2,4,2,2,2,1,513,3,2,16,0.049540245964933,2017
"MLI0741",504,54,2,4,0,0,3,5,0,3,3,3,501,3,1,32,0.0611532329622025,2017
"MLI0742",502,35,0,0,2,0,3,9,3,1,1,1,501,0,2,16,0.13272089071165,2017
"MLI0743",503,49,0,0,0,0,2,4,3,2,2,1,515,1,1,9,0.0495318379683881,2017
"MLI0744",504,35,0,0,0,0,3,4,0,2,2,3,501,1,2,32,0.0611532329622025,2017
"MLI0745",504,75,3,4,0,0,3,1,3,1,1,1,501,1,1,32,0.0611532329622025,2017
"MLI0746",502,70,2,0,0,0,2,4,3,2,1,9,501,0,1,16,0.13272089071165,2017
"MLI0747",503,67,2,2,2,0,3,1,3,1,1,0,515,1,1,9,0.0495318379683881,2017
"MLI0748",505,60,0,0,1,0,3,4,3,1,2,0,505,0,2,109,0.0240549279862928,2017
"MLI0749",505,27,2,0,2,0,1,2,3,1,1,1,505,1,2,109,0.0240549279862928,2017
"MLI0750",505,43,3,0,0,0,3,5,3,3,3,3,505,0,1,109,0.0240549279862928,2017
"MLI0751",501,41,3,4,4,4,4,1,2,2,2,2,516,2,1,16,0.049540245964933,2017
"MLI0752",506,25,2,3,1,3,4,5,3,9,0,2,517,0,2,185,0.00254346966548368,2017
"MLI0753",506,40,3,1,2,3,1,2,2,2,1,2,513,0,2,185,0.00254346966548368,2017
"MLI0754",501,52,0,3,1,0,2,1,3,1,1,3,516,2,1,16,0.049540245964933,2017
"MLI0755",501,22,0,0,1,0,3,1,1,1,1,3,516,0,1,16,0.049540245964933,2017
"MLI0756",504,18,0,4,0,0,2,1,3,3,3,3,501,0,2,32,0.0611532329622025,2017
"MLI0757",505,29,1,1,2,3,3,1,3,2,1,2,505,0,1,109,0.0240549279862928,2017
"MLI0758",504,65,3,0,2,0,3,3,2,1,1,1,501,0,2,32,0.0611532329622025,2017
"MLI0759",504,75,0,4,0,0,3,4,3,2,2,2,501,1,1,32,0.0611532329622025,2017
"MLI0760",506,77,3,2,2,3,4,1,3,3,1,1,517,0,1,185,0.00254346966548368,2017
"MLI0761",505,29,4,0,4,3,4,4,3,3,3,3,505,2,2,109,0.0240549279862928,2017
"MLI0762",501,47,0,0,4,0,3,5,3,3,2,3,516,1,1,16,0.049540245964933,2017
"MLI0763",506,18,3,1,2,3,4,1,3,1,2,1,517,3,1,185,0.00254346966548368,2017
"MLI0764",505,26,0,0,0,0,2,2,3,1,1,1,505,0,1,109,0.0240549279862928,2017
"MLI0765",505,63,0,0,1,0,2,4,3,0,0,0,505,1,1,109,0.0240549279862928,2017
"MLI0766",505,38,0,0,3,3,3,1,3,1,1,1,505,0,2,109,0.0240549279862928,2017
"MLI0767",503,28,0,2,0,1,3,1,3,3,3,3,501,0,2,9,0.0495318379683881,2017
"MLI0768",503,27,0,0,0,0,0,1,3,1,1,2,515,3,2,9,0.0495318379683881,2017
"MLI0769",503,57,0,0,1,0,1,1,3,3,2,3,501,2,2,9,0.0495318379683881,2017
"MLI0770",503,57,0,3,0,0,4,5,3,2,2,2,501,0,2,9,0.0495318379683881,2017
"MLI0771",506,42,3,2,2,3,4,1,2,9,9,1,517,0,2,185,0.00254346966548368,2017
"MLI0772",506,47,0,2,0,3,4,4,3,2,1,2,517,0,2,185,0.00254346966548368,2017
"MLI0773",503,20,0,0,0,0,0,3,3,1,2,1,501,2,1,9,0.0495318379683881,2017
"MLI0774",503,25,0,2,1,1,2,4,3,2,2,2,515,2,1,9,0.0495318379683881,2017
"MLI0775",503,65,2,1,1,0,4,5,3,0,0,0,516,0,1,9,0.0495318379683881,2017
"MLI0776",503,21,0,3,3,0,4,1,3,1,1,3,509,4,1,9,0.0495318379683881,2017
"MLI0777",502,66,0,0,0,0,3,1,2,1,2,2,501,0,1,16,0.13272089071165,2017
"MLI0778",502,55,0,4,2,0,3,2,3,1,1,2,501,0,1,16,0.13272089071165,2017
"MLI0779",502,38,2,0,2,0,3,1,3,1,1,3,501,0,1,16,0.13272089071165,2017
"MLI0780",502,22,0,0,0,0,3,4,1,1,1,1,501,0,2,16,0.13272089071165,2017
"MLI0781",502,30,0,0,0,0,0,1,2,1,1,2,501,0,2,16,0.13272089071165,2017
"MLI0782",502,50,0,2,0,0,3,1,1,1,1,1,501,0,1,16,0.13272089071165,2017
"MLI0783",505,26,0,0,3,0,3,4,3,0,0,1,505,0,2,109,0.0240549279862928,2017
"MLI0784",505,35,3,2,4,3,4,5,1,1,1,3,505,6,1,109,0.0240549279862928,2017
"MLI0785",505,28,0,0,1,0,0,2,2,1,1,1,505,1,2,109,0.0240549279862928,2017
"MLI0786",502,38,2,4,0,0,2,4,2,1,1,1,501,0,2,16,0.13272089071165,2017
"MLI0787",502,35,0,0,2,0,3,1,3,0,1,3,501,0,2,16,0.13272089071165,2017
"MLI0788",505,45,0,3,2,3,2,5,3,0,0,0,505,1,1,109,0.0240549279862928,2017
"MLI0789",505,30,0,0,0,0,1,4,3,0,0,0,505,1,2,109,0.0240549279862928,2017
"MLI0790",505,27,3,0,1,0,2,5,1,2,2,1,505,0,2,109,0.0240549279862928,2017
"MLI0791",505,19,0,0,0,0,2,2,2,3,2,1,505,1,1,109,0.0240549279862928,2017
"MLI0792",504,19,2,3,1,1,2,1,3,1,1,1,9995,1,2,32,0.0611532329622025,2017
"MLI0793",505,40,0,0,0,0,0,4,3,2,1,1,505,1,1,109,0.0240549279862928,2017
"MLI0794",504,30,1,1,0,0,4,1,2,1,1,3,503,0,2,32,0.0611532329622025,2017
"MLI0795",504,19,0,0,0,0,2,1,3,3,1,3,501,0,1,32,0.0611532329622025,2017
"MLI0796",504,28,3,2,2,0,4,1,2,2,2,2,501,0,1,32,0.0611532329622025,2017
"MLI0797",504,45,0,2,2,0,2,2,3,1,1,1,501,0,1,32,0.0611532329622025,2017
"MLI0798",504,20,3,0,2,3,4,4,0,2,2,0,9995,2,2,32,0.0611532329622025,2017
"MLI0799",504,50,1,1,0,0,3,5,3,0,1,0,501,0,2,32,0.0611532329622025,2017
"MLI0800",504,50,0,0,0,0,4,1,3,3,3,3,501,0,1,32,0.0611532329622025,2017
"MLI0801",506,70,3,1,3,2,4,1,3,2,2,3,518,0,1,185,0.00254346966548368,2017
"MLI0802",506,40,2,3,2,0,1,1,3,3,2,2,518,3,1,185,0.00254346966548368,2017
"MLI0803",503,23,0,0,0,1,2,2,3,1,2,2,515,1,2,9,0.0495318379683881,2017
"MLI0804",503,70,0,2,1,1,2,1,2,3,3,3,511,0,2,9,0.0495318379683881,2017
"MLI0805",503,67,0,0,2,0,2,1,3,2,2,1,513,0,2,9,0.0495318379683881,2017
"MLI0806",503,31,0,0,0,1,4,5,3,2,2,2,501,5,2,9,0.0495318379683881,2017
"MLI0807",502,63,0,0,0,0,0,1,2,1,9,9,513,4,1,16,0.13272089071165,2017
"MLI0808",505,30,0,0,1,1,2,1,3,2,2,2,505,1,1,109,0.0240549279862928,2017
"MLI0809",505,38,0,0,0,0,0,2,3,9,9,9,505,1,2,109,0.0240549279862928,2017
"MLI0810",502,32,0,1,0,0,2,2,1,1,1,2,501,2,2,16,0.13272089071165,2017
"MLI0811",501,36,0,3,0,2,2,1,3,3,2,3,516,0,2,16,0.049540245964933,2017
"MLI0812",501,30,0,0,0,2,3,1,3,2,2,2,516,0,2,16,0.049540245964933,2017
"MLI0813",501,43,3,4,3,4,4,1,1,1,2,2,516,1,2,16,0.049540245964933,2017
"MLI0814",505,38,4,0,4,2,4,1,3,2,0,0,505,2,1,109,0.0240549279862928,2017
"MLI0815",501,27,0,3,0,2,2,2,0,3,3,3,513,1,2,16,0.049540245964933,2017
"MLI0816",502,55,0,1,2,2,3,1,3,3,3,2,501,2,1,16,0.13272089071165,2017
"MLI0817",505,19,0,0,0,0,3,4,2,1,2,1,505,0,2,109,0.0240549279862928,2017
"MLI0818",502,49,0,0,0,0,0,1,2,1,1,2,516,4,1,16,0.13272089071165,2017
"MLI0819",503,68,0,0,0,0,0,4,3,3,3,3,515,8,1,9,0.0495318379683881,2017
"MLI0820",503,22,0,0,0,0,2,1,3,1,1,1,9995,1,1,9,0.0495318379683881,2017
"MLI0821",506,23,0,3,0,0,4,4,2,2,1,2,518,1,2,185,0.00254346966548368,2017
"MLI0822",503,32,0,0,0,0,1,1,3,1,2,0,513,4,1,9,0.0495318379683881,2017
"MLI0823",502,21,0,1,0,0,3,1,3,1,1,2,501,6,1,16,0.13272089071165,2017
"MLI0824",502,29,2,0,0,0,2,1,3,0,0,0,513,0,2,16,0.13272089071165,2017
"MLI0825",503,23,0,0,0,0,2,1,2,2,2,2,515,8,1,9,0.0495318379683881,2017
"MLI0826",502,30,1,1,2,0,3,1,3,1,1,0,501,2,2,16,0.13272089071165,2017
"MLI0827",505,60,3,0,0,2,3,5,3,0,0,0,505,2,2,109,0.0240549279862928,2017
"MLI0828",506,30,2,0,2,0,3,4,0,2,1,1,518,1,1,185,0.00254346966548368,2017
"MLI0829",501,35,0,1,0,2,2,2,2,2,2,3,516,1,1,16,0.049540245964933,2017
"MLI0830",501,24,8,4,3,4,3,1,1,2,2,2,516,4,1,16,0.049540245964933,2017
"MLI0831",505,35,0,0,0,0,1,4,2,2,1,2,512,0,1,109,0.0240549279862928,2017
"MLI0832",506,62,0,0,2,3,4,1,3,9,9,3,518,0,1,185,0.00254346966548368,2017
"MLI0833",501,28,0,2,0,0,3,3,3,2,1,3,516,0,1,16,0.049540245964933,2017
"MLI0834",502,70,0,0,1,0,2,2,3,1,1,1,501,0,2,16,0.13272089071165,2017
"MLI0835",505,40,0,0,0,0,3,1,3,1,0,1,505,1,2,109,0.0240549279862928,2017
"MLI0836",505,87,0,0,0,0,0,1,3,9,9,9,505,1,1,109,0.0240549279862928,2017
"MLI0837",501,84,0,3,1,2,1,5,3,3,1,3,516,0,1,16,0.049540245964933,2017
"MLI0838",506,20,0,1,0,0,2,3,1,2,1,1,518,2,2,185,0.00254346966548368,2017
"MLI0839",503,43,0,0,0,0,1,5,3,1,1,3,515,2,2,9,0.0495318379683881,2017
"MLI0840",503,35,1,1,1,0,2,2,2,2,2,3,505,1,2,9,0.0495318379683881,2017
"MLI0841",506,22,3,1,2,3,4,1,2,2,9,2,518,2,2,185,0.00254346966548368,2017
"MLI0842",503,22,0,0,0,3,2,1,2,0,0,0,501,5,2,9,0.0495318379683881,2017
"MLI0843",503,40,0,1,0,0,2,1,3,9,9,2,501,0,2,9,0.0495318379683881,2017
"MLI0844",503,21,0,0,0,0,0,4,3,3,2,3,515,6,1,9,0.0495318379683881,2017
"MLI0845",503,46,0,2,0,0,0,1,3,2,2,3,515,5,1,9,0.0495318379683881,2017
"MLI0846",504,42,1,1,0,1,3,4,0,3,3,2,511,0,1,32,0.0611532329622025,2017
"MLI0847",504,40,0,2,3,0,4,5,3,2,2,1,511,2,1,32,0.0611532329622025,2017
"MLI0848",503,22,0,0,0,0,1,1,3,1,1,1,515,5,1,9,0.0495318379683881,2017
"MLI0849",504,29,0,4,0,0,3,4,3,2,2,2,511,0,2,32,0.0611532329622025,2017
"MLI0850",504,30,0,0,1,0,2,1,2,0,0,0,511,1,2,32,0.0611532329622025,2017
"MLI0851",502,47,1,0,0,0,3,1,3,1,0,2,513,0,1,16,0.13272089071165,2017
"MLI0852",502,53,2,0,0,2,3,2,3,2,1,1,501,0,2,16,0.13272089071165,2017
"MLI0853",502,51,0,0,1,0,3,1,3,0,0,2,513,0,1,16,0.13272089071165,2017
"MLI0854",502,30,1,1,2,0,3,1,3,1,1,2,501,0,1,16,0.13272089071165,2017
"MLI0855",503,34,0,1,0,0,1,1,3,1,2,3,509,7,1,9,0.0495318379683881,2017
"MLI0856",501,40,3,3,3,2,4,1,3,2,2,2,516,0,2,16,0.049540245964933,2017
"MLI0857",505,35,0,3,0,2,2,5,1,1,1,0,505,2,1,109,0.0240549279862928,2017
"MLI0858",501,35,0,3,3,0,4,2,3,0,1,0,516,1,2,16,0.049540245964933,2017
"MLI0859",501,22,0,2,0,0,3,1,1,2,2,2,516,2,2,16,0.049540245964933,2017
"MLI0860",502,44,1,0,0,0,3,2,2,2,2,2,501,0,1,16,0.13272089071165,2017
"MLI0861",505,29,0,3,0,1,0,4,3,9,3,2,505,0,2,109,0.0240549279862928,2017
"MLI0862",505,19,0,0,0,0,2,2,1,1,1,1,505,0,2,109,0.0240549279862928,2017
"MLI0863",501,30,2,3,2,0,4,1,2,0,0,2,516,0,2,16,0.049540245964933,2017
"MLI0864",502,70,1,0,0,0,3,1,2,9,9,0,501,0,2,16,0.13272089071165,2017
"MLI0865",502,40,0,0,0,0,3,4,3,0,0,1,513,3,2,16,0.13272089071165,2017
"MLI0866",504,30,4,3,4,2,4,4,3,1,1,3,511,1,2,32,0.0611532329622025,2017
"MLI0867",505,32,0,0,0,2,2,1,3,2,2,1,505,1,1,109,0.0240549279862928,2017
"MLI0868",504,35,1,3,0,0,4,4,3,3,3,3,511,1,1,32,0.0611532329622025,2017
"MLI0869",502,30,1,0,2,0,3,9,3,1,1,2,501,0,2,16,0.13272089071165,2017
"MLI0870",504,20,1,0,0,0,2,1,3,0,0,1,511,0,2,32,0.0611532329622025,2017
"MLI0871",504,35,0,3,0,0,3,1,3,2,1,1,511,1,1,32,0.0611532329622025,2017
"MLI0872",501,32,3,1,3,4,4,1,1,2,2,2,516,0,1,16,0.049540245964933,2017
"MLI0873",501,55,1,0,0,0,3,1,3,1,1,1,516,1,1,16,0.049540245964933,2017
"MLI0874",505,22,0,3,1,2,3,1,3,2,2,2,505,4,2,109,0.0240549279862928,2017
"MLI0875",501,48,0,0,0,0,1,1,3,1,1,1,513,1,1,16,0.049540245964933,2017
"MLI0876",505,19,1,3,0,2,3,4,3,0,0,0,505,2,2,109,0.0240549279862928,2017
"MLI0877",501,37,0,0,0,0,1,5,2,3,3,2,516,0,1,16,0.049540245964933,2017
"MLI0878",505,37,0,3,0,0,1,1,0,1,1,2,505,1,1,109,0.0240549279862928,2017
"MLI0879",505,31,0,0,0,0,2,5,3,2,1,2,505,1,1,109,0.0240549279862928,2017
"MLI0880",503,48,0,0,0,0,3,1,3,0,0,1,515,2,2,9,0.0495318379683881,2017
"MLI0881",503,47,0,1,1,0,1,2,3,1,1,2,515,1,2,9,0.0495318379683881,2017
"MLI0882",503,45,0,4,3,0,4,4,3,2,1,0,515,0,2,9,0.0495318379683881,2017
"MLI0883",503,19,0,0,0,0,0,1,2,2,2,2,515,0,2,9,0.0495318379683881,2017
"MLI0884",503,55,0,0,0,0,0,4,3,2,1,3,515,3,1,9,0.0495318379683881,2017
"MLI0885",503,54,0,3,3,0,3,1,3,2,2,3,515,2,1,9,0.0495318379683881,2017
"MLI0886",503,40,0,0,0,0,0,2,3,1,1,1,515,0,1,9,0.0495318379683881,2017
"MLI0887",503,42,0,2,0,0,2,1,3,1,1,3,515,0,1,9,0.0495318379683881,2017
"MLI0888",502,39,0,0,0,0,3,1,1,9,9,9,513,0,1,16,0.13272089071165,2017
"MLI0889",502,52,1,0,3,0,2,2,1,9,9,9,513,0,2,16,0.13272089071165,2017
"MLI0890",502,57,0,0,1,0,2,2,3,1,1,1,513,2,1,16,0.13272089071165,2017
"MLI0891",502,25,0,2,0,0,3,5,3,0,1,1,513,0,1,16,0.13272089071165,2017
"MLI0892",501,31,0,0,0,0,0,1,3,1,1,1,509,2,2,16,0.049540245964933,2017
"MLI0893",501,18,3,3,3,4,4,4,2,2,2,2,501,3,2,16,0.049540245964933,2017
"MLI0894",501,20,0,2,0,0,2,1,3,2,1,3,505,2,2,16,0.049540245964933,2017
"MLI0895",501,22,0,3,0,0,2,1,2,2,2,2,517,5,2,16,0.049540245964933,2017
"MLI0896",504,21,0,0,1,0,0,1,0,1,1,1,503,2,2,32,0.0611532329622025,2017
"MLI0897",504,43,4,3,3,3,4,5,3,0,0,0,9995,2,1,32,0.0611532329622025,2017
"MLI0898",504,46,0,0,0,0,3,1,3,1,1,1,503,3,2,32,0.0611532329622025,2017
"MLI0899",502,32,0,0,0,0,3,5,3,1,1,2,513,0,2,16,0.13272089071165,2017
"MLI0900",502,27,0,0,0,0,3,1,3,0,0,0,513,0,2,16,0.13272089071165,2017
"MLI0901",502,62,0,1,0,2,0,2,3,9,9,9,513,0,1,16,0.13272089071165,2017
"MLI0902",504,60,2,0,0,0,2,1,3,1,0,0,503,2,1,32,0.0611532329622025,2017
"MLI0903",501,36,3,4,4,4,4,5,3,1,2,2,501,1,1,16,0.049540245964933,2017
"MLI0904",502,37,0,1,2,0,3,2,3,0,0,0,501,0,2,16,0.13272089071165,2017
"MLI0905",503,35,0,0,0,0,0,1,3,2,2,2,515,0,2,9,0.0495318379683881,2017
"MLI0906",503,45,0,0,0,0,0,1,3,1,1,3,515,0,2,9,0.0495318379683881,2017
"MLI0907",501,24,0,2,1,1,3,1,2,2,2,3,516,5,1,16,0.049540245964933,2017
"MLI0908",501,26,0,0,0,0,3,1,1,3,1,2,501,7,1,16,0.049540245964933,2017
"MLI0909",501,58,0,0,0,0,0,1,1,0,1,3,517,6,1,16,0.049540245964933,2017
"MLI0910",504,39,0,0,0,0,3,1,3,2,2,2,503,2,2,32,0.0611532329622025,2017
"MLI0911",503,49,0,1,0,0,1,2,2,2,1,2,515,0,2,9,0.0495318379683881,2017
"MLI0912",503,52,3,4,3,0,4,5,1,2,2,1,515,0,2,9,0.0495318379683881,2017
"MLI0913",504,44,0,4,2,0,2,1,3,0,0,0,503,3,1,32,0.0611532329622025,2017
"MLI0914",504,30,2,0,2,0,2,1,0,1,1,1,503,0,2,32,0.0611532329622025,2017
"MLI0915",503,29,0,0,0,0,2,2,3,2,2,2,515,2,1,9,0.0495318379683881,2017
"MLI0916",504,58,0,1,0,0,4,1,2,3,3,3,503,2,1,32,0.0611532329622025,2017
"MLI0917",503,37,0,0,0,0,0,4,2,2,2,3,515,1,1,9,0.0495318379683881,2017
"MLI0918",503,48,0,2,0,0,3,2,3,0,1,2,515,0,1,9,0.0495318379683881,2017
"MLI0919",503,57,0,0,3,0,4,4,3,9,9,2,515,0,1,9,0.0495318379683881,2017
"MLI0920",505,22,0,0,0,0,0,5,0,1,2,2,505,1,2,109,0.0240549279862928,2017
"MLI0921",505,18,0,2,2,1,0,1,3,0,1,2,516,0,1,109,0.0240549279862928,2017
"MLI0922",505,42,0,0,1,2,1,1,1,2,2,2,504,4,2,109,0.0240549279862928,2017
"MLI0923",505,63,0,0,0,0,3,1,3,0,0,3,509,2,1,109,0.0240549279862928,2017
"MLI0924",502,45,0,4,2,0,3,2,3,1,2,2,501,4,1,16,0.13272089071165,2017
"MLI0925",505,30,0,0,0,0,3,2,3,2,1,2,509,1,1,109,0.0240549279862928,2017
"MLI0926",505,27,3,2,3,2,3,5,3,3,3,3,516,2,2,109,0.0240549279862928,2017
"MLI0927",502,56,0,0,0,0,3,2,3,1,1,9,501,0,2,16,0.13272089071165,2017
"MLI0928",502,75,0,0,1,0,1,4,3,3,3,9,501,3,1,16,0.13272089071165,2017
"MLI0929",502,24,0,2,2,0,3,4,2,3,3,3,501,2,1,16,0.13272089071165,2017
"MLI0930",505,32,0,0,0,2,2,1,3,0,0,0,501,3,2,109,0.0240549279862928,2017
"MLI0931",501,22,3,3,3,2,4,5,3,1,2,2,501,0,2,16,0.049540245964933,2017
"MLI0932",504,30,0,0,2,0,3,5,3,9,9,9,503,0,2,32,0.0611532329622025,2017
"MLI0933",501,18,0,0,1,0,4,1,3,2,1,3,501,2,2,16,0.049540245964933,2017
"MLI0934",505,45,0,0,0,2,1,1,1,2,2,2,505,5,1,109,0.0240549279862928,2017
"MLI0935",504,78,3,0,0,0,4,5,3,2,2,1,503,0,1,32,0.0611532329622025,2017
"MLI0936",501,37,1,3,3,0,2,2,3,2,2,3,501,0,2,16,0.049540245964933,2017
"MLI0937",501,25,2,2,2,2,3,1,3,3,3,3,501,0,2,16,0.049540245964933,2017
"MLI0938",504,35,0,0,0,0,4,1,3,3,3,3,503,0,2,32,0.0611532329622025,2017
"MLI0939",504,35,0,2,2,0,3,1,0,3,3,3,503,0,1,32,0.0611532329622025,2017
"MLI0940",503,60,0,0,2,0,3,1,3,2,1,2,511,0,2,9,0.0495318379683881,2017
"MLI0941",503,45,0,0,1,0,1,1,2,2,2,2,511,0,2,9,0.0495318379683881,2017
"MLI0942",502,70,0,0,0,0,1,3,2,1,1,1,501,0,2,16,0.13272089071165,2017
"MLI0943",502,76,0,0,0,0,2,5,3,2,2,3,501,0,2,16,0.13272089071165,2017
"MLI0944",502,67,1,2,0,1,3,1,3,1,1,1,501,2,1,16,0.13272089071165,2017
"MLI0945",503,26,0,0,0,0,4,5,3,0,0,0,511,2,2,9,0.0495318379683881,2017
"MLI0946",502,40,2,3,2,1,4,2,3,2,2,3,501,0,2,16,0.13272089071165,2017
"MLI0947",503,38,0,0,0,0,2,1,3,0,0,1,511,2,2,9,0.0495318379683881,2017
"MLI0948",501,40,0,4,4,4,4,4,0,3,2,3,501,0,1,16,0.049540245964933,2017
"MLI0949",504,49,0,0,0,0,3,1,2,2,3,3,503,0,1,32,0.0611532329622025,2017
"MLI0950",503,50,0,0,0,0,0,1,3,2,2,2,511,6,1,9,0.0495318379683881,2017
"MLI0951",501,46,0,3,2,0,3,1,3,1,1,3,501,0,1,16,0.049540245964933,2017
"MLI0952",501,66,0,4,3,0,4,1,3,0,0,2,501,2,1,16,0.049540245964933,2017
"MLI0953",504,36,0,4,2,3,3,1,2,0,1,0,503,0,2,32,0.0611532329622025,2017
"MLI0954",504,21,2,2,0,0,3,4,3,0,0,1,503,2,2,32,0.0611532329622025,2017
"MLI0955",501,72,1,3,1,1,3,4,2,1,2,2,501,0,1,16,0.049540245964933,2017
"MLI0956",503,57,0,0,0,0,0,1,3,1,1,2,511,1,1,9,0.0495318379683881,2017
"MLI0957",504,54,3,4,0,0,3,1,3,0,1,0,503,2,1,32,0.0611532329622025,2017
"MLI0958",503,51,2,0,0,0,3,1,3,1,1,2,511,2,1,9,0.0495318379683881,2017
"MLI0959",503,38,3,0,4,0,4,4,3,3,3,3,511,0,1,9,0.0495318379683881,2017
"MLI0960",504,42,0,4,0,0,2,1,3,2,2,2,9995,0,2,32,0.0611532329622025,2017
"MLI0961",502,28,0,0,0,0,3,2,3,1,1,2,501,0,2,16,0.13272089071165,2017
"MLI0962",502,76,1,1,2,1,3,4,3,3,3,3,501,0,1,16,0.13272089071165,2017
"MLI0963",502,64,0,0,0,0,3,3,2,3,3,3,501,2,1,16,0.13272089071165,2017
"MLI0964",502,26,0,0,0,0,1,5,3,2,2,3,501,0,1,16,0.13272089071165,2017
"MLI0965",503,29,0,0,1,0,1,4,2,3,2,2,504,2,2,9,0.0495318379683881,2017
"MLI0966",503,20,0,0,0,0,0,4,3,0,0,1,501,3,2,9,0.0495318379683881,2017
"MLI0967",503,65,3,3,3,0,4,5,3,2,2,2,501,0,2,9,0.0495318379683881,2017
"MLI0968",503,34,0,2,0,1,3,4,3,1,1,1,517,2,2,9,0.0495318379683881,2017
"MLI0969",504,32,0,4,2,0,3,1,1,2,2,1,9995,1,2,32,0.0611532329622025,2017
"MLI0970",504,37,0,2,2,0,3,4,3,3,3,1,9995,1,1,32,0.0611532329622025,2017
"MLI0971",504,34,0,0,0,0,2,1,2,0,0,1,9995,0,1,32,0.0611532329622025,2017
"MLI0972",502,45,0,0,0,0,0,1,2,1,1,2,501,0,2,16,0.13272089071165,2017
"MLI0973",502,73,2,0,1,2,3,4,3,2,2,2,501,0,1,16,0.13272089071165,2017
"MLI0974",502,52,0,0,0,0,3,4,3,1,1,2,501,0,2,16,0.13272089071165,2017
"MLI0975",502,40,2,0,2,0,4,1,3,3,3,3,501,0,2,16,0.13272089071165,2017
"MLI0976",503,26,0,0,0,0,2,4,3,2,2,2,505,2,1,9,0.0495318379683881,2017
"MLI0977",503,34,0,0,1,0,1,1,1,2,2,3,516,1,1,9,0.0495318379683881,2017
"MLI0978",503,37,0,0,0,0,3,1,3,0,0,1,501,2,1,9,0.0495318379683881,2017
"MLI0979",503,48,0,2,0,1,3,1,3,1,1,1,513,0,1,9,0.0495318379683881,2017
"MLI0980",501,23,3,3,4,2,4,1,1,1,1,1,508,0,2,16,0.049540245964933,2017
"MLI0981",501,30,0,3,0,0,2,1,3,1,0,3,508,0,2,16,0.049540245964933,2017
"MLI0982",501,45,0,4,1,0,4,1,2,2,2,2,508,0,2,16,0.049540245964933,2017
"MLI0983",504,38,0,2,3,0,4,3,2,3,3,3,9995,1,2,32,0.0611532329622025,2017
"MLI0984",504,25,0,4,0,0,4,4,3,2,2,2,9995,1,1,32,0.0611532329622025,2017
"MLI0985",504,40,3,1,0,0,3,1,0,3,3,3,9995,0,2,32,0.0611532329622025,2017
"MLI0986",501,30,2,3,1,0,3,1,3,0,1,2,509,2,2,16,0.049540245964933,2017
"MLI0987",504,40,0,0,0,0,0,5,3,1,1,0,9995,1,1,32,0.0611532329622025,2017
"MLI0988",501,62,0,3,0,0,1,1,3,0,0,0,508,4,1,16,0.049540245964933,2017
"MLI0989",501,20,2,4,3,0,4,1,3,3,3,3,508,4,1,16,0.049540245964933,2017
"MLI0990",505,65,0,2,1,1,0,3,1,9,9,9,504,1,2,109,0.0240549279862928,2017
"MLI0991",501,39,0,0,0,0,2,1,2,1,1,2,501,2,1,16,0.049540245964933,2017
"MLI0992",501,65,0,4,4,4,4,5,3,1,1,0,508,0,1,16,0.049540245964933,2017
"MLI0993",505,20,3,3,3,3,3,4,3,2,2,3,504,0,1,109,0.0240549279862928,2017
"MLI0994",505,25,0,0,0,0,2,2,1,1,2,2,504,1,2,109,0.0240549279862928,2017
"MLI0995",502,57,0,2,1,0,2,1,3,1,1,2,501,3,1,16,0.13272089071165,2017
"MLI0996",503,33,0,0,1,0,1,1,2,2,2,2,511,1,2,9,0.0495318379683881,2017
"MLI0997",503,45,3,0,0,0,2,1,2,1,1,2,511,0,2,9,0.0495318379683881,2017
"MLI0998",502,34,2,0,0,0,2,2,2,2,2,3,507,0,1,16,0.13272089071165,2017
"MLI0999",505,47,0,0,1,1,2,1,3,0,0,0,504,1,1,109,0.0240549279862928,2017
"MLI1000",502,23,0,0,0,0,4,5,1,2,2,2,501,6,2,16,0.13272089071165,2017
"MLI1001",503,40,0,0,0,1,2,1,0,1,2,3,511,0,2,9,0.0495318379683881,2017
"MLI1002",502,33,0,0,0,0,2,1,3,3,3,3,501,0,1,16,0.13272089071165,2017
"MLI1003",503,26,3,4,4,0,4,5,3,2,2,2,511,0,2,9,0.0495318379683881,2017
"MLI1004",503,52,0,0,1,0,0,1,3,3,3,3,511,1,1,9,0.0495318379683881,2017
"MLI1005",502,30,2,0,0,0,2,2,3,2,1,3,513,0,2,16,0.13272089071165,2017
"MLI1006",503,26,0,0,0,0,0,1,3,1,1,2,511,2,1,9,0.0495318379683881,2017
"MLI1007",502,29,0,0,0,0,2,1,3,1,1,2,515,4,2,16,0.13272089071165,2017
"MLI1008",502,28,0,0,0,0,3,2,3,3,3,3,501,0,2,16,0.13272089071165,2017
"MLI1009",503,40,0,0,0,0,3,4,3,1,1,1,511,2,1,9,0.0495318379683881,2017
"MLI1010",503,26,0,3,0,0,3,1,3,9,9,9,501,2,1,9,0.0495318379683881,2017
"MLI1011",505,36,2,0,2,1,3,1,3,1,1,0,504,1,2,109,0.0240549279862928,2017
"MLI1012",505,35,3,3,3,3,3,4,3,0,0,0,516,0,2,109,0.0240549279862928,2017
"MLI1013",505,28,0,0,0,0,2,5,2,2,2,1,504,1,1,109,0.0240549279862928,2017
"MLI1014",505,40,1,2,3,0,1,1,2,1,1,0,504,1,1,109,0.0240549279862928,2017
"MLI1015",502,58,0,0,0,1,2,2,3,1,1,1,501,5,1,16,0.13272089071165,2017
"MLI1016",505,60,3,0,0,0,2,2,3,2,2,2,513,0,1,109,0.0240549279862928,2017
"MLI1017",505,43,0,0,1,0,1,2,1,1,1,1,513,1,2,109,0.0240549279862928,2017
"MLI1018",505,25,0,0,1,0,2,5,3,2,3,3,513,1,2,109,0.0240549279862928,2017
"MLI1019",501,38,2,0,0,3,4,1,3,2,2,1,501,0,2,16,0.049540245964933,2017
"MLI1020",501,20,0,3,3,0,4,5,3,2,2,2,9995,2,2,16,0.049540245964933,2017
"MLI1021",502,77,2,0,2,0,3,9,3,0,0,0,501,0,1,16,0.13272089071165,2017
"MLI1022",501,40,0,4,1,0,3,1,1,2,2,2,501,0,2,16,0.049540245964933,2017
"MLI1023",505,69,0,2,0,3,3,1,3,1,3,1,513,1,1,109,0.0240549279862928,2017
"MLI1024",502,62,0,0,2,0,3,3,1,3,3,3,501,0,1,16,0.13272089071165,2017
"MLI1025",503,45,3,4,3,0,4,1,3,2,2,9,511,0,2,9,0.0495318379683881,2017
"MLI1026",501,22,3,8,4,4,4,1,1,2,1,3,501,3,2,16,0.049540245964933,2017
"MLI1027",502,32,0,0,2,0,3,2,1,2,2,9,501,0,2,16,0.13272089071165,2017
"MLI1028",502,48,0,0,3,0,3,1,3,0,0,1,501,0,1,16,0.13272089071165,2017
"MLI1029",503,19,2,0,0,0,3,5,3,1,2,1,511,0,2,9,0.0495318379683881,2017
"MLI1030",503,37,0,0,0,0,0,5,3,1,1,2,511,0,2,9,0.0495318379683881,2017
"MLI1031",504,67,0,0,0,0,4,5,3,3,3,3,511,0,1,32,0.0611532329622025,2017
"MLI1032",504,40,0,0,0,0,2,1,2,1,1,1,501,0,1,32,0.0611532329622025,2017
"MLI1033",504,35,0,0,0,0,0,1,2,2,2,2,509,1,2,32,0.0611532329622025,2017
"MLI1034",504,20,0,0,0,0,3,1,3,2,2,2,511,4,2,32,0.0611532329622025,2017
"MLI1035",503,72,0,0,0,0,0,2,2,3,3,3,511,1,2,9,0.0495318379683881,2017
"MLI1036",501,57,1,4,3,1,4,5,3,1,1,2,501,2,1,16,0.049540245964933,2017
"MLI1037",505,28,0,0,0,0,2,1,2,0,0,3,513,0,2,109,0.0240549279862928,2017
"MLI1038",501,62,2,4,4,4,4,1,1,2,2,3,501,5,1,16,0.049540245964933,2017
"MLI1039",501,52,2,4,3,0,4,1,0,2,2,2,513,0,1,16,0.049540245964933,2017
"MLI1040",502,33,0,0,0,0,3,1,0,2,2,3,501,2,2,16,0.13272089071165,2017
"MLI1041",505,62,3,2,0,3,3,5,3,1,1,0,513,2,2,109,0.0240549279862928,2017
"MLI1042",502,53,0,0,1,0,2,1,3,1,1,1,501,2,1,16,0.13272089071165,2017
"MLI1043",502,37,0,0,2,0,3,4,3,1,1,2,501,0,2,16,0.13272089071165,2017
"MLI1044",501,30,0,4,0,0,3,4,2,2,2,2,501,0,1,16,0.049540245964933,2017
"MLI1045",505,63,0,0,0,0,2,4,3,1,2,1,505,1,1,109,0.0240549279862928,2017
"MLI1046",505,60,0,2,2,0,0,1,2,0,0,2,513,1,1,109,0.0240549279862928,2017
"MLI1047",502,38,1,0,0,0,3,2,3,3,2,3,9995,0,2,16,0.13272089071165,2017
"MLI1048",503,30,0,4,2,0,3,5,3,1,1,1,513,1,1,9,0.0495318379683881,2017
"MLI1049",503,23,0,0,0,0,0,1,3,2,2,2,513,1,1,9,0.0495318379683881,2017
"MLI1050",504,50,3,0,4,0,4,1,3,3,3,3,511,0,2,32,0.0611532329622025,2017
"MLI1051",504,55,0,0,2,0,2,1,2,1,1,1,501,0,2,32,0.0611532329622025,2017
"MLI1052",503,77,3,4,4,0,4,1,3,2,2,2,513,0,1,9,0.0495318379683881,2017
"MLI1053",504,60,0,0,0,0,0,1,3,1,1,1,509,2,1,32,0.0611532329622025,2017
"MLI1054",504,46,0,0,0,2,3,1,2,3,3,3,516,0,1,32,0.0611532329622025,2017
"MLI1055",503,57,0,0,0,0,0,4,3,2,2,3,501,0,1,9,0.0495318379683881,2017
"MLI1056",505,39,0,0,1,2,1,2,1,9,9,3,501,1,2,109,0.0240549279862928,2017
"MLI1057",505,38,0,0,2,3,0,5,3,0,2,3,516,0,1,109,0.0240549279862928,2017
"MLI1058",505,47,0,0,0,0,2,1,3,2,2,3,516,1,2,109,0.0240549279862928,2017
"MLI1059",505,18,0,0,0,0,2,1,3,1,2,2,509,1,1,109,0.0240549279862928,2017
"MLI1060",503,45,2,0,2,0,3,1,0,1,2,2,511,0,2,9,0.0495318379683881,2017
"MLI1061",503,22,0,0,2,0,2,4,2,2,2,3,511,1,2,9,0.0495318379683881,2017
"MLI1062",503,20,0,3,3,0,4,1,3,2,2,2,511,0,2,9,0.0495318379683881,2017
"MLI1063",503,36,3,0,0,0,3,1,3,2,1,2,511,0,2,9,0.0495318379683881,2017
"MLI1064",504,47,0,2,2,0,2,4,3,0,0,0,501,0,1,32,0.0611532329622025,2017
"MLI1065",504,45,2,0,0,0,0,1,3,2,2,2,501,1,2,32,0.0611532329622025,2017
"MLI1066",504,21,0,3,3,0,4,5,3,3,3,3,501,2,1,32,0.0611532329622025,2017
"MLI1067",504,65,0,0,0,0,4,1,0,2,2,2,501,1,2,32,0.0611532329622025,2017
"MLI1068",502,54,0,0,0,0,2,5,1,1,1,2,509,0,1,16,0.13272089071165,2017
"MLI1069",502,57,0,0,0,0,3,9,3,2,2,3,509,0,1,16,0.13272089071165,2017
"MLI1070",503,26,1,0,1,0,3,1,2,2,2,3,511,5,1,9,0.0495318379683881,2017
"MLI1071",502,21,0,2,0,0,2,1,3,1,1,1,513,2,2,16,0.13272089071165,2017
"MLI1072",502,54,0,0,2,0,4,1,3,2,2,2,501,6,1,16,0.13272089071165,2017
"MLI1073",505,32,0,0,0,0,3,1,3,1,3,3,513,1,2,109,0.0240549279862928,2017
"MLI1074",505,45,1,0,3,0,3,1,3,3,3,3,516,1,1,109,0.0240549279862928,2017
"MLI1075",503,38,0,0,0,0,3,5,3,1,1,0,511,0,1,9,0.0495318379683881,2017
"MLI1076",505,48,0,2,1,1,1,5,3,1,1,2,501,1,1,109,0.0240549279862928,2017
"MLI1077",503,42,2,0,3,0,4,5,3,0,1,2,511,0,1,9,0.0495318379683881,2017
"MLI1078",503,56,0,0,0,0,2,4,3,2,2,1,511,2,1,9,0.0495318379683881,2017
"MLI1079",505,46,3,0,3,2,3,5,3,2,2,2,9995,0,2,109,0.0240549279862928,2017
"MLI1080",502,54,0,0,0,0,2,4,3,1,1,2,509,0,2,16,0.13272089071165,2017
"MLI1081",502,57,0,0,0,0,4,2,3,9,1,1,513,0,1,16,0.13272089071165,2017
"MLI1082",502,40,0,0,0,0,0,1,2,9,9,9,509,0,2,16,0.13272089071165,2017
"MLI1083",504,50,0,0,0,0,2,4,3,1,1,1,501,0,2,32,0.0611532329622025,2017
"MLI1084",504,26,2,2,0,0,2,2,3,1,0,1,501,0,2,32,0.0611532329622025,2017
"MLI1085",501,20,0,0,2,3,4,1,1,1,1,3,516,2,2,16,0.049540245964933,2017
"MLI1086",501,45,1,0,2,1,3,3,3,0,0,3,516,0,2,16,0.049540245964933,2017
"MLI1087",502,62,0,0,2,0,3,1,3,2,2,3,501,0,2,16,0.13272089071165,2017
"MLI1088",501,30,0,3,1,2,3,1,0,3,3,3,516,1,2,16,0.049540245964933,2017
"MLI1089",501,48,2,0,0,0,3,4,3,2,2,3,516,0,2,16,0.049540245964933,2017
"MLI1090",504,27,0,3,2,0,0,5,3,1,1,1,501,1,1,32,0.0611532329622025,2017
"MLI1091",504,51,0,2,0,0,1,1,3,1,0,0,501,1,1,32,0.0611532329622025,2017
"MLI1092",501,34,2,4,4,2,4,5,3,1,3,2,516,1,1,16,0.049540245964933,2017
"MLI1093",501,45,1,4,2,0,3,1,3,1,1,3,516,0,1,16,0.049540245964933,2017
"MLI1094",501,33,1,2,1,0,3,4,3,2,2,2,516,0,1,16,0.049540245964933,2017
"MLI1095",501,56,0,0,0,2,4,1,3,1,1,3,516,0,1,16,0.049540245964933,2017
"MLI1096",505,35,0,0,0,0,0,1,3,1,1,1,505,1,2,109,0.0240549279862928,2017
"MLI1097",505,30,0,0,0,0,1,5,3,1,2,1,503,1,2,109,0.0240549279862928,2017
"MLI1098",505,33,3,0,0,0,3,5,1,3,3,3,503,0,1,109,0.0240549279862928,2017
"MLI1099",502,41,0,0,3,0,3,2,3,1,2,1,509,0,1,16,0.13272089071165,2017
"MLI1100",502,65,2,0,0,0,2,2,9,9,9,9,509,0,2,16,0.13272089071165,2017
"MLI1101",502,29,0,0,2,0,3,2,3,2,2,2,501,7,1,16,0.13272089071165,2017
"MLI1102",502,26,2,0,0,0,2,1,3,9,1,9,509,3,1,16,0.13272089071165,2017
"MLI1103",505,19,0,2,0,0,2,1,3,2,1,1,503,2,1,109,0.0240549279862928,2017
"MLI1104",503,68,0,0,0,0,3,1,3,9,9,2,516,5,2,9,0.0495318379683881,2017
"MLI1105",503,21,0,0,0,0,2,1,1,2,2,2,511,1,2,9,0.0495318379683881,2017
"MLI1106",503,38,0,0,0,0,0,2,2,1,2,2,9995,2,2,9,0.0495318379683881,2017
"MLI1107",503,39,0,0,0,0,0,1,3,3,3,3,9995,2,2,9,0.0495318379683881,2017
"MLI1108",501,30,2,8,2,4,4,1,3,3,3,3,516,0,2,16,0.049540245964933,2017
"MLI1109",502,70,0,0,2,0,3,2,1,2,2,3,509,0,1,16,0.13272089071165,2017
"MLI1110",501,28,0,2,1,0,2,1,1,1,1,3,516,0,2,16,0.049540245964933,2017
"MLI1111",505,42,0,0,0,0,0,4,2,2,2,2,505,2,1,109,0.0240549279862928,2017
"MLI1112",505,19,0,0,3,0,2,4,3,1,2,1,503,1,1,109,0.0240549279862928,2017
"MLI1113",502,59,1,0,0,0,3,4,3,2,2,2,509,0,2,16,0.13272089071165,2017
"MLI1114",505,45,0,0,0,0,2,5,3,2,0,0,503,0,2,109,0.0240549279862928,2017
"MLI1115",501,40,0,0,0,0,2,4,3,2,2,2,509,1,2,16,0.049540245964933,2017
"MLI1116",505,22,0,0,0,2,3,1,0,1,1,2,501,0,2,109,0.0240549279862928,2017
"MLI1117",501,27,0,3,0,0,2,1,3,1,1,3,515,4,2,16,0.049540245964933,2017
"MLI1118",502,28,0,0,2,0,3,2,3,1,1,2,9995,0,2,16,0.13272089071165,2017
"MLI1119",502,52,0,0,2,0,3,2,3,1,2,2,501,2,2,16,0.13272089071165,2017
"MLI1120",503,44,0,0,0,0,0,4,3,2,2,3,511,0,1,9,0.0495318379683881,2017
"MLI1121",503,39,1,0,0,0,2,5,2,3,2,3,511,2,1,9,0.0495318379683881,2017
"MLI1122",503,27,2,0,3,2,4,3,3,1,1,2,511,0,1,9,0.0495318379683881,2017
"MLI1123",501,18,3,4,4,4,4,1,1,3,2,2,516,3,1,16,0.049540245964933,2017
"MLI1124",503,50,0,0,0,2,3,1,3,0,0,0,511,2,1,9,0.0495318379683881,2017
"MLI1125",501,78,0,2,0,0,3,5,3,1,1,3,516,1,1,16,0.049540245964933,2017
"MLI1126",501,67,1,2,3,2,4,1,3,2,1,3,516,0,1,16,0.049540245964933,2017
"MLI1127",501,59,3,3,2,2,4,1,3,3,3,3,516,0,1,16,0.049540245964933,2017
"MLI1128",504,40,0,4,0,0,0,2,2,1,1,1,501,0,2,32,0.0611532329622025,2017
"MLI1129",504,21,0,0,0,0,3,4,0,2,2,2,501,0,2,32,0.0611532329622025,2017
"MLI1130",504,49,2,0,0,0,3,1,3,2,1,1,501,2,1,32,0.0611532329622025,2017
"MLI1131",505,48,0,0,2,1,1,5,3,1,1,1,513,1,2,109,0.0240549279862928,2017
"MLI1132",505,97,3,0,0,3,2,5,3,2,3,2,505,0,1,109,0.0240549279862928,2017
"MLI1133",505,46,0,0,0,0,3,4,3,2,1,1,517,1,2,109,0.0240549279862928,2017
"MLI1134",505,68,0,0,0,0,2,1,3,2,2,2,509,1,1,109,0.0240549279862928,2017
"MLI1135",504,47,0,0,1,0,4,1,3,3,3,3,501,0,1,32,0.0611532329622025,2017
"MLI1136",504,47,3,0,2,0,4,1,3,1,1,2,501,1,1,32,0.0611532329622025,2017
"MLI1137",504,25,0,4,0,0,3,5,3,2,2,2,501,1,1,32,0.0611532329622025,2017
"MLI1138",505,25,0,0,2,2,2,1,3,0,0,0,509,1,2,109,0.0240549279862928,2017
"MLI1139",505,18,0,0,0,0,2,2,3,2,1,2,501,1,1,109,0.0240549279862928,2017
"MLI1140",505,29,0,0,2,1,1,5,3,1,1,1,512,2,1,109,0.0240549279862928,2017
"MLI1141",504,27,0,0,0,0,2,2,3,1,1,1,501,0,2,32,0.0611532329622025,2017
"MLI1142",505,40,0,0,0,0,1,5,1,2,2,2,514,0,2,109,0.0240549279862928,2017
"MLI1143",504,50,2,0,2,2,4,4,3,0,0,0,501,0,2,32,0.0611532329622025,2017
"MLI1144",502,60,0,0,0,0,3,5,3,3,3,3,509,8,1,16,0.13272089071165,2017
"MLI1145",502,25,0,0,3,1,4,3,3,1,1,1,501,4,1,16,0.13272089071165,2017
"MLI1146",502,50,1,0,0,0,3,2,3,2,2,2,509,0,2,16,0.13272089071165,2017
"MLI1147",502,20,0,0,0,0,0,1,3,9,9,9,509,7,1,16,0.13272089071165,2017
"MLI1148",503,30,0,3,2,0,3,5,3,3,3,3,511,0,2,9,0.0495318379683881,2017
"MLI1149",503,22,1,0,2,0,2,1,3,0,0,0,501,0,2,9,0.0495318379683881,2017
"MLI1150",503,35,2,0,0,0,2,4,3,3,1,2,511,0,2,9,0.0495318379683881,2017
"MLI1151",503,26,1,0,1,0,1,2,2,2,1,2,511,0,2,9,0.0495318379683881,2017
"MLI1152",502,20,0,2,0,0,0,2,2,3,1,3,515,4,2,16,0.13272089071165,2017
"MLI1153",503,28,2,4,3,0,4,4,3,1,1,2,511,0,1,9,0.0495318379683881,2017
"MLI1154",502,30,0,0,0,0,3,1,3,1,1,1,509,2,2,16,0.13272089071165,2017
"MLI1155",503,30,0,0,0,0,0,1,3,3,3,3,511,2,1,9,0.0495318379683881,2017
"MLI1156",502,28,0,0,0,0,3,1,3,2,2,3,509,0,1,16,0.13272089071165,2017
"MLI1157",503,52,2,3,0,0,3,5,2,3,3,3,511,3,1,9,0.0495318379683881,2017
"MLI1158",503,38,0,0,0,0,2,2,3,0,0,1,511,0,1,9,0.0495318379683881,2017
"MLI1159",502,20,2,0,1,0,2,1,3,3,3,3,501,2,2,16,0.13272089071165,2017
"MLI1160",501,73,0,3,0,3,3,5,3,2,1,2,513,0,2,16,0.049540245964933,2017
"MLI1161",501,48,3,0,0,0,4,1,3,0,0,0,513,0,2,16,0.049540245964933,2017
"MLI1162",501,50,3,4,4,4,4,5,3,2,2,3,513,1,2,16,0.049540245964933,2017
"MLI1163",501,24,0,3,0,0,2,1,3,1,2,2,513,0,2,16,0.049540245964933,2017
"MLI1164",504,18,3,1,0,0,1,4,2,1,1,1,509,2,2,32,0.0611532329622025,2017
"MLI1165",504,36,0,1,2,1,2,1,2,1,2,1,505,2,1,32,0.0611532329622025,2017
"MLI1166",504,60,0,2,0,0,3,1,3,2,2,2,501,1,2,32,0.0611532329622025,2017
"MLI1167",504,22,0,0,0,0,2,1,1,3,3,3,517,7,1,32,0.0611532329622025,2017
"MLI1168",501,19,4,4,4,4,4,5,2,2,2,2,516,1,1,16,0.049540245964933,2017
"MLI1169",501,76,0,0,2,0,4,1,3,1,1,2,513,0,1,16,0.049540245964933,2017
"MLI1170",501,67,0,3,0,3,3,4,3,3,3,3,513,0,1,16,0.049540245964933,2017
"MLI1171",501,68,3,4,2,0,4,1,2,2,2,2,513,0,1,16,0.049540245964933,2017
"MLI1172",504,72,0,0,0,0,0,1,3,0,1,0,501,1,1,32,0.0611532329622025,2017
"MLI1173",504,21,0,0,2,0,4,4,3,3,2,2,501,4,1,32,0.0611532329622025,2017
"MLI1174",504,19,0,2,0,0,2,2,1,2,2,2,501,3,2,32,0.0611532329622025,2017
"MLI1175",504,37,3,3,3,2,4,4,3,0,2,3,501,2,2,32,0.0611532329622025,2017
"MLI1176",504,52,0,4,0,0,3,1,3,2,1,1,501,2,2,32,0.0611532329622025,2017
"MLI1177",504,40,0,0,0,0,1,1,2,2,2,2,501,2,2,32,0.0611532329622025,2017
"MLI1178",504,44,2,2,3,1,3,1,3,1,2,2,501,0,1,32,0.0611532329622025,2017
"MLI1179",504,43,0,0,0,0,2,1,3,2,2,3,511,7,1,32,0.0611532329622025,2017
"MLI1180",503,40,2,2,2,0,3,1,3,0,0,0,509,0,2,9,0.0495318379683881,2017
"MLI1181",503,31,0,0,0,0,3,1,0,2,2,2,515,2,2,9,0.0495318379683881,2017
"MLI1182",503,24,0,0,0,0,1,2,2,1,1,2,501,1,2,9,0.0495318379683881,2017
"MLI1183",503,35,0,0,0,0,1,2,2,3,3,3,511,2,2,9,0.0495318379683881,2017
"MLI1184",504,33,3,0,2,2,4,1,3,2,2,2,513,3,2,32,0.0611532329622025,2017
"MLI1185",502,63,0,0,0,0,2,2,3,1,1,2,501,2,1,16,0.13272089071165,2017
"MLI1186",502,40,0,0,2,0,4,5,3,2,1,3,516,0,1,16,0.13272089071165,2017
"MLI1187",502,32,0,0,1,0,2,2,1,2,2,1,501,0,2,16,0.13272089071165,2017
"MLI1188",503,53,1,0,1,0,1,4,3,2,2,3,513,0,1,9,0.0495318379683881,2017
"MLI1189",502,63,0,0,2,0,3,1,3,3,3,3,501,0,1,16,0.13272089071165,2017
"MLI1190",504,44,2,3,3,2,3,1,3,0,0,0,518,2,2,32,0.0611532329622025,2017
"MLI1191",503,41,0,0,0,0,3,4,3,1,9,1,501,2,1,9,0.0495318379683881,2017
"MLI1192",503,25,0,2,1,0,0,1,3,3,3,0,515,7,1,9,0.0495318379683881,2017
"MLI1193",504,21,2,4,0,0,0,1,2,2,2,2,9995,5,1,32,0.0611532329622025,2017
"MLI1194",503,35,0,0,0,0,0,4,3,1,1,1,516,1,1,9,0.0495318379683881,2017
"MLI1195",504,66,0,0,0,0,2,1,2,2,2,2,501,4,1,32,0.0611532329622025,2017
"MLI1196",502,18,0,0,2,0,2,1,3,0,0,0,501,0,2,16,0.13272089071165,2017
"MLI1197",502,65,2,0,2,0,3,3,2,2,2,2,501,0,1,16,0.13272089071165,2017
"MLI1198",502,18,0,0,0,0,2,2,3,1,1,1,516,3,2,16,0.13272089071165,2017
"MLI1199",502,55,0,0,2,0,4,2,3,2,2,2,501,2,2,16,0.13272089071165,2017
"MLI1200",504,47,2,2,2,0,3,1,3,2,2,2,501,0,1,32,0.0611532329622025,2017
